WORD_NUMBER,HIRAGANA,,零,,ぜろ,zero,zero,liczba: z...
WORD_NUMBER,HIRAGANA,,零,,れい,rei,zero,liczba: r...
WORD_NUMBER,HIRAGANA,,一,,いち,ichi,jeden,
WORD_NUMBER,HIRAGANA,,二,,に,ni,dwa,
WORD_NUMBER,HIRAGANA,,三,,さん,san,trzy,
WORD_NUMBER,HIRAGANA,,四,,よん,yon,cztery,liczba: y**...
WORD_NUMBER,HIRAGANA,,四,,し,shi,cztery,liczba: sh...
WORD_NUMBER,HIRAGANA,,四,,よ,yo,cztery,liczba: y*...
WORD_NUMBER,HIRAGANA,,五,,ご,go,pięć,
WORD_NUMBER,HIRAGANA,,六,,ろく,roku,sześć,
WORD_NUMBER,HIRAGANA,,七,,なな,nana,siedem,liczba: n...
WORD_NUMBER,HIRAGANA,,七,,しち,shichi,siedem,liczba: s...
WORD_NUMBER,HIRAGANA,,八,,はち,hachi,osiem,
WORD_NUMBER,HIRAGANA,,九,,きゅう,kyuu,dziewięć,liczba: ky...
WORD_NUMBER,HIRAGANA,,九,,く,ku,dziewięć,liczba: ku...
WORD_NUMBER,HIRAGANA,,十,,じゅう,juu,dziesięć,
WORD_NUMBER,HIRAGANA,,百,,ひゃく,hyaku,sto,
WORD_TIME,HIRAGANA,,一時,,いちじ,ichiji,1,godzina
WORD_TIME,HIRAGANA,,二時,,にじ,niji,2,godzina
WORD_TIME,HIRAGANA,,三時,,さんじ,sanji,3,godzina
WORD_TIME,HIRAGANA,,四時,,よじ,yoji,4,godzina
WORD_TIME,HIRAGANA,,五時,,ごじ,goji,5,godzina
WORD_TIME,HIRAGANA,,六時,,ろくじ,rokuji,6,godzina
WORD_TIME,HIRAGANA,,七時,,しちじ,shichiji,7,godzina
WORD_TIME,HIRAGANA,,八時,,はちじ,hachiji,8,godzina
WORD_TIME,HIRAGANA,,九時,,くじ,kuji,9,godzina
WORD_TIME,HIRAGANA,,十字,,じゅうじ,juuji,10,godzina
WORD_TIME,HIRAGANA,,十一時,,じゅういちじ,juuichiji,11,godzina
WORD_TIME,HIRAGANA,,十二時,,じゅうにじ,juuniji,12,godzina
WORD_TIME,HIRAGANA,,一時半,,いちじはん,ichiji han,1:30,godzina
WORD_TIME,HIRAGANA,,一分,,いっぷん,ippun,jedna minuta,
WORD_TIME,HIRAGANA,,二分,,にふん,nifun,dwie minuty,
WORD_TIME,HIRAGANA,,三分,,さんぷん,sanpun,trzy minuty,
WORD_TIME,HIRAGANA,,四分,,よんぷん,yonpun,cztery minuty,
WORD_TIME,HIRAGANA,,五分,,ごふん,gofun,pięć minut,
WORD_TIME,HIRAGANA,,六分,,ろっぷん,roppun,sześć minut,
WORD_TIME,HIRAGANA,,七分,,ななふん,nanafun,siedem minut,
WORD_TIME,HIRAGANA,,八分,,はっぷん,happun,osiem minut,hap...
WORD_TIME,HIRAGANA,,八分,,はちふん,hachifun,osiem minut,hach...
WORD_TIME,HIRAGANA,,九分,,きゅうふん,kyuufun,dziewięć minut,
WORD_TIME,HIRAGANA,,十分,,じゅっぷん,juppun,dziesięć minut,
WORD_AGE,HIRAGANA,,一歳,,いっさい,issai,1,wiek
WORD_AGE,HIRAGANA,,二歳,,にさい,nisai,2,wiek
WORD_AGE,HIRAGANA,,三歳,,さんさい,sansai,3,wiek
WORD_AGE,HIRAGANA,,四歳,,よんさい,yonsai,4,wiek
WORD_AGE,HIRAGANA,,五歳,,ごさい,gosai,5,wiek
WORD_AGE,HIRAGANA,,六歳,,ろくさい,rokusai,6,wiek
WORD_AGE,HIRAGANA,,七歳,,ななさい,nanasai,7,wiek
WORD_AGE,HIRAGANA,,八歳,,はっさい,hassai,8,wiek
WORD_AGE,HIRAGANA,,九歳,,きゅうさい,kyuusai,9,wiek
WORD_AGE,HIRAGANA,,十歳,,じゅっさい,jussai,10,wiek
WORD_AGE,HIRAGANA,,十一歳,,じゅういっさい,juuissai,11,wiek
WORD_AGE,HIRAGANA,,二十歳,,はたち,hatachi,20,wiek
WORD_GREETING,HIRAGANA,,お早う御座います,,おはようございます,Ohayou gozaimasu,Dzień dobry,rano (grzecznie)
WORD_GREETING,HIRAGANA,,-,,こんにちわ,Konnichiwa,Dzień dobry,po południu
WORD_GREETING,HIRAGANA,,-,,こんばんわ,Konbanwa,Dobry wieczór,
WORD_GREETING,HIRAGANA,,-,,さようなら,Sayounara,Do widzenia,
WORD_GREETING,HIRAGANA,,お休みなさい,,おやすみなさい,Oyasuminasai,Dobranoc,
WORD_GREETING,HIRAGANA,,有難う,,ありがとう,Arigatou,Dziękuję,
WORD_GREETING,HIRAGANA,,有難う御座います,,ありがとうございます,Arigatou gozaimasu,Dziękuję,grzecznie
WORD_GREETING,HIRAGANA,,-,,すみません,Sumimasen,Przepraszam,
WORD_GREETING,HIRAGANA,,-,,いいえ,Iie,nie,
WORD_GREETING,HIRAGANA,,行ってきます,,いってきます,Ittekimasu,Wychodzę,Idę i wrócę
WORD_GREETING,HIRAGANA,,行ってらっしゃい,,いってらっしゃい,Itterasshai,Wróć,Idź i wróć
WORD_GREETING,HIRAGANA,,-,,ただいま,Tadaima,Już jestem,Po przybyciu do domu
WORD_GREETING,HIRAGANA,,-,,おかえりなさい,Okaerinasai,Już jesteś,Będać w domu
WORD_GREETING,HIRAGANA,,-,,いただきます,Itadakimasu,Smacznego,Przed jedzeniem
WORD_GREETING,HIRAGANA,,-,,ごちそうさま,Gochisousama,Smacznego,Po jedzeniu
WORD_GREETING,HIRAGANA,,始めまして,,はじめまして,Hajimemashite,Przywitanie,Pierwsze spotkanie
WORD_GREETING,HIRAGANA,,-,,どうぞよろしく,Douzo yoroshiku,Miło Cię spotkać,
WORD_GREETING,HIRAGANA,,-,,どうぞよろしくおねがいします,Douzo yoroshiku onegai shimasu,Miło Cię spotkać,Kierowane do osoby wyżej postawionej
UNKNOWN,HIRAGANA,,今,,いま,ima,teraz,
UNKNOWN,HIRAGANA,,半,,はん,han,połowa,
UNKNOWN,HIRAGANA,,-,,あの,ano,um,
WORD_NOUN,HIRAGANA,,英語,,えいご,eigo,język angielski,
WORD_GREETING,HIRAGANA,,-,,ええ,ee,tak,mniej oficjalnie
WORD_NOUN,HIRAGANA,,学生,,がくせい,gakusei,uczeń,
UNKNOWN,HIRAGANA,,語,,ご,go,... język,
WORD_NOUN,HIRAGANA,,高校,,こうこう,koukou,liceum,
UNKNOWN,HIRAGANA,,午後,,ごご,gogo,pm,czas
UNKNOWN,HIRAGANA,,午前,,ごぜん,gozen,am,czas
WORD_NOUN,HIRAGANA,,歳,,さい,sai,... lat,
UNKNOWN,HIRAGANA,,-,,さん,san,... Pan,
UNKNOWN,HIRAGANA,,時,,じ,ji,... godzina,
UNKNOWN,HIRAGANA,,人,,じん,jin,... człowiek,
WORD_NOUN,HIRAGANA,,先生,,せんせい,sensei,nauczyciel,
WORD_NOUN,HIRAGANA,,専門,,せんもん,senmon,specjalizacja,
WORD_EXPRESSION,HIRAGANA,,-,,そうですね,Sou desu ne,To prawda,
WORD_NOUN,HIRAGANA,,大学,,だいがく,daigaku,uniwersytet,
WORD_NOUN,HIRAGANA,,電話,,でんわ,denwa,telefon,
WORD_NOUN,HIRAGANA,,友だち,,ともだち,tomodachi,przyjaciel,
WORD_NOUN,HIRAGANA,,名前,,なまえ,namae,imię,
WORD_ASK,HIRAGANA,,何,,"なん
なに","nan
nani",co,
WORD_NOUN,HIRAGANA,,日本,,にほん,nihon,Japonia,
UNKNOWN,HIRAGANA,,年生,,ねんせい,nensei,... student roku,
WORD_GREETING,HIRAGANA,,-,,はい,hai,tak,oficjalnie
WORD_NOUN,HIRAGANA,,番号,,ばんごう,bangou,numer,
WORD_NOUN,HIRAGANA,,留学生,,りゅうがくせい,ryuugakusei,uczeń międzynarodowy,
WORD_PRONOUN,HIRAGANA,,私,,わたし,watashi,ja,
WORD_NOUN,KATAKANA,,-,,アメリカ,Amerika,Ameryka,
WORD_NOUN,KATAKANA,,-,,イギリス,Igirisu,Wielka Brytania,
WORD_NOUN,KATAKANA,,-,,オオストラリア,Oosutoraria,Australia,
WORD_NOUN,HIRAGANA,,韓国,,かんこく,Kankoku,Korea,
WORD_NOUN,KATAKANA,,-,,スエーデン,Sueeden,Szwecja,
WORD_NOUN,HIRAGANA,,中国,,ちゅうごく,chuugoku,Chiny,
WORD_NOUN,HIRAGANA,,科学,,かがく,kagaku,nauka,
WORD_NOUN,HIRAGANA,,アジア研究,,アジアけんきゅう,ajiakenkyuu,orientalistyka,
WORD_NOUN,HIRAGANA,,経済,,けいざい,keizai,ekonomia,
WORD_NOUN,HIRAGANA,,国際関係,,こくさいかんけい,kokusaikankei,stosunki międzynarodowe,
WORD_NOUN,KATAKANA,,-,,コンピュウター,konpyuutaa,komputer,
WORD_NOUN,HIRAGANA,,人類学,,じんるいがく,jinruigaku,antropologia,
WORD_NOUN,HIRAGANA,,政治,,せいじ,seiji,polityka,
WORD_NOUN,KATAKANA,,-,,ビジネス,bijinesu,biznes,
WORD_NOUN,HIRAGANA,,文学,,ぶんがく,bungaku,literatura,
WORD_NOUN,HIRAGANA,,歴史,,れきし,rekishi,historia,
WORD_NOUN,HIRAGANA,,仕事,,しごと,shigoto,praca,
WORD_NOUN,HIRAGANA,,医者,,いしゃ,isha,lekarz,
WORD_NOUN,HIRAGANA,,会社員,,かいしゃいん,kaishain,pracownik biurowy,
WORD_NOUN,HIRAGANA,,高校生,,こうこうせい,koukousei,licealista,
WORD_NOUN,HIRAGANA,,主婦,,しゅふ,shufu,Pani domu,
WORD_NOUN,HIRAGANA,,大学院生,,だいがくいんせい,daigakuinsei,student,studia magisterskie
WORD_NOUN,HIRAGANA,,大学生,,だいがくせい,daigakusei,student,
WORD_NOUN,HIRAGANA,,弁護士,,べんごし,bengoshi,prawnik,
WORD_NOUN,HIRAGANA,,お母さん,,おかあさん,okaasan,matka,
WORD_NOUN,HIRAGANA,,お父さん,,おとうさん,otousan,ojciec,
WORD_NOUN,HIRAGANA,,お姉さん,,おねえさん,oneesan,siostra,starsza
WORD_NOUN,HIRAGANA,,お兄さん,,おにいさん,oniisan,brat,starszy
WORD_NOUN,HIRAGANA,,妹,,いもうと,imouto,siostra,młodsza
WORD_NOUN,HIRAGANA,,弟,,おとうと,otouto,brat,młodszy
WORD_THAT_POINT,HIRAGANA,,-,,これ,kore,ten,blisko mówcy
WORD_THAT_POINT,HIRAGANA,,-,,それ,sore,ten,blisko osoby docelowej
WORD_THAT_POINT,HIRAGANA,,-,,あれ,are,tam,daleko od mówcy i osoby docelowej
WORD_ASK,HIRAGANA,,-,,どれ,dore,który,
WORD_THAT_POINT,HIRAGANA,,-,,この,kono,ten,blisko mówcy (z rzeczownikiem)
WORD_THAT_POINT,HIRAGANA,,-,,その,sono,ten,blisko osoby docelowej (z rzeczownikiem)
WORD_THAT_POINT,HIRAGANA,,-,,あの,ano,tam,daleko od mówcy i osoby docelowej (z rzeczownikiem)
WORD_ASK,HIRAGANA,,-,,どの,dono,który,z rzeczownikiem
WORD_THAT_POINT,HIRAGANA,,-,,ここ,koko,tam,"miejsce, blisko mówcy"
WORD_THAT_POINT,HIRAGANA,,-,,そこ,soko,tam,"miejsce, blisko osoby docelowej"
WORD_THAT_POINT,HIRAGANA,,-,,あそこ,asoko,tam,"miejsce, daleko od mówcy i osoby docelowej"
WORD_ASK,HIRAGANA,,-,,どこ,doko,gdzie,miejsce
WORD_ASK,HIRAGANA,,-,,だれ,dare,kto,
WORD_ADJECTIVE_I,HIRAGANA,,美味しい,,おいしい,oishii,smaczne,
WORD_NOUN,HIRAGANA,,魚,,さかな,sakana,ryba,
WORD_NOUN,HIRAGANA,,豚カツ,,とんかつ,tonkatsu,kotlet wieprzowy,
WORD_NOUN,HIRAGANA,,肉,,にく,niku,mięso,
WORD_NOUN,KATAKANA,,-,,メニュウ,menyuu,menu,
WORD_NOUN,HIRAGANA,,野菜,,やさい,yasai,warzywa,
WORD_NOUN,HIRAGANA,,鉛筆,,えんぴつ,enpitsu,ołówek,
WORD_NOUN,HIRAGANA,,傘,,かさ,kasa,parasolka,
WORD_NOUN,HIRAGANA,,鞄,,かばん,kaban,torba,
WORD_NOUN,HIRAGANA,,靴,,くつ,kutsu,buty,
WORD_NOUN,HIRAGANA,,財布,,さいふ,saifu,portfel,
WORD_NOUN,KATAKANA,,-,,ジーンズ,jiinzu,jeansy,
WORD_NOUN,HIRAGANA,,辞書,,じしょ,jisho,słownik,
WORD_NOUN,HIRAGANA,,自転車,,じてんしゃ,jitensha,rower,
WORD_NOUN,HIRAGANA,,新聞,,しんぶん,shinbun,gazeta,
WORD_NOUN,KATAKANA,,-,,テープ,teepu,kaseta,
WORD_NOUN,HIRAGANA,,時計,,とけい,tokei,zegarek,
WORD_NOUN,KATAKANA,,-,,トレーナー,toreenaa,bluza,
WORD_NOUN,KATAKANA,,-,,ノート,nooto,zeszyt,
WORD_NOUN,KATAKANA,,-,,ペン,pen,długopis,
WORD_NOUN,HIRAGANA,,帽子,,ぼうし,boushi,kapelusz,
WORD_NOUN,HIRAGANA,,本,,ほん,hon,książka,
WORD_NOUN,HIRAGANA,,御手洗,,おてあらい,otearai,toaleta,
WORD_NOUN,HIRAGANA,,喫茶店,,きっさてん,kissaten,kawiarnia,
WORD_NOUN,HIRAGANA,,銀行,,ぎんこう,ginkou,bank,
WORD_NOUN,HIRAGANA,,図書館,,としょかん,toshokan,biblioteka,w budynku
WORD_NOUN,HIRAGANA,,郵便局,,ゆうびんきょく,yuubinkyoku,poczta,
WORD_ASK,HIRAGANA,,-,,いくら,ikura,ile,koszty
WORD_NOUN,HIRAGANA,,円,,えん,en,... yen,
WORD_ADJECTIVE_I,HIRAGANA,,高い,,たかい,takai,"drogi
wysoki","pieniądze, wzrost"
WORD_EXPRESSION,HIRAGANA,,-,,いらっしゃいませ,irasshaimase,Witamy,przy wchodzeniu do sklepu
WORD_EXPRESSION,HIRAGANA,を,お願いします,,おねがいします,wo onegai shimasu,... proszę,
WORD_EXPRESSION,HIRAGANA,を,-,,ください,wo kudasai,Proszę dać mi ...,
UNKNOWN,HIRAGANA,,-,,じゃあ,jaa,wtedy,
UNKNOWN,HIRAGANA,を,-,,どうぞ,wo douzo,proszę,przy podawaniu komuś czegoś
WORD_GREETING,HIRAGANA,,-,,どうも,doumo,dziękuję,przy otrzymywaniu czegoś
WORD_EXPRESSION,HIRAGANA,,-,,です,desu,jest,oficjalnie
WORD_EXPRESSION,HIRAGANA,,-,,でわありません,dewa arimasen,nie jest,oficjalnie
WORD_EXPRESSION,HIRAGANA,,-,,じゃありません,ja arimasen,nie jest,mniej oficjalnie
WORD_NUMBER,HIRAGANA,,三百,,さんびゃく,sanbyaku,300,
WORD_NUMBER,HIRAGANA,,六百,,ろっぴゃく,roppyaku,600,
WORD_NUMBER,HIRAGANA,,八百,,はっぴゃく,happyaku,800,
WORD_NUMBER,HIRAGANA,,千,,せん,sen,1000,
WORD_NUMBER,HIRAGANA,,三千,,さんぜん,sanzen,3000,
WORD_NUMBER,HIRAGANA,,八千,,はっせん,hassen,8000,
WORD_NUMBER,HIRAGANA,,一万,,いちまん,ichiman,10000,
WORD_NOUN,HIRAGANA,,黒板,,こくばん,kokuban,tablica,
WORD_NOUN,KATAKANA,,-,,ビデオ,bideo,video,
WORD_NOUN,KATAKANA,,-,,カーテン,kaaten,zasłonka,
WORD_NOUN,KATAKANA,,-,,ドア,doa,drzwi,
WORD_NOUN,HIRAGANA,,消しゴム,,けしごむ,keshigomu,gumka,
WORD_NOUN,HIRAGANA,,椅子,,いす,isu,krzesło,
WORD_EXPRESSION,HIRAGANA,,-,,わかりました,Wakarimashita,zrozumiałem,
WORD_EXPRESSION,HIRAGANA,,-,,わかりません,Wakarimasen,nie rozumiem,
WORD_EXPRESSION,HIRAGANA,,ゆっくり行ってください,,ゆっくりいってください,Yukkuri itte kudasai,Proszę mówić wolno,
WORD_EXPRESSION,HIRAGANA,,もういちど行ってください,,もういちどいってください,Mou ichido itte kudasai,Proszę powtórzyć,
WORD_EXPRESSION,HIRAGANA,,ちょっと待ってください,,ちょっとまってください,Chotto matte kudasai,Proszę poczekać,
WORD_ADJECTIVE_I,HIRAGANA,,赤い,,あかい,akai,czerwony,
WORD_ADJECTIVE_I,HIRAGANA,,青い,,あおい,aoi,niebieski,
WORD_NOUN,HIRAGANA,,寿司,,すし,sushi,sushi,
WORD_NOUN,HIRAGANA,,家具,,かぐ,kagu,meble,
WORD_NOUN,HIRAGANA,,顔,,かお,kao,twarz,
WORD_NOUN,HIRAGANA,,愛,,あい,ai,miłość,
WORD_VERB_U,HIRAGANA,,聞く,,きく,kiku,słuchać,
WORD_NOUN,HIRAGANA,,酒,,さけ,sake,sake,
WORD_NOUN,HIRAGANA,,牛,,うし,ushi,krowa,
WORD_NOUN,HIRAGANA,,携帯電話,,けいたいでんわ,keitai denwa,telefon komórkowy,
WORD_NOUN,KATAKANA,,-,,マーカー,maakaa,marker,
WORD_NOUN,HIRAGANA,,母,,はは,haha,matka,h...
WORD_NOUN,HIRAGANA,,父,,ちち,chichi,ojciec,ch...
WORD_NOUN,HIRAGANA,,歯,,は,ha,ząb,
WORD_NOUN,HIRAGANA,,日,,ひ,hi,słońce,s...
WORD_NOUN,HIRAGANA,,日,,ひ,hi,ogień,o...
WORD_NOUN,HIRAGANA,,耳,,みみ,mimi,ucho,
WORD_NOUN,HIRAGANA,,目,,め,me,oko,
WORD_NOUN,HIRAGANA,,桃,,もも,momo,brzoskwinia,
WORD_ADJECTIVE_I,HIRAGANA,,安い,,やすい,yasui,tani,
WORD_NOUN,HIRAGANA,,映画,,えいが,eiga,film,
WORD_NOUN,HIRAGANA,,音楽,,おんがく,ongaku,muzyka,
WORD_NOUN,HIRAGANA,,雑誌,,ざっし,zasshi,magazyn,
WORD_NOUN,KATAKANA,,-,,スポーツ,supootsu,sport,
WORD_NOUN,KATAKANA,,-,,デート,deeto,randka,
WORD_NOUN,KATAKANA,,-,,テ二ス,tenisu,tenis,
WORD_NOUN,KATAKANA,,-,,テレビ,terebi,telewizja,
WORD_NOUN,KATAKANA,,-,,ビデオ,bideo,kaseta video,
WORD_NOUN,HIRAGANA,,朝御飯,,あさごはん,asagohan,śniadanie,
WORD_NOUN,HIRAGANA,お,酒,,さけ,osake,alkohol,
WORD_NOUN,HIRAGANA,お,茶,,ちゃ,ocha,zielona herbata,
WORD_NOUN,KATAKANA,,-,,コー匕ー,koohii,kawa,
WORD_NOUN,HIRAGANA,,晩御飯,,ばんごはん,bangohan,kolacja,
WORD_NOUN,KATAKANA,,-,,ハンバーガー,hanbaagaa,hamburger,
WORD_NOUN,HIRAGANA,,昼御飯,,ひるごはん,hirugohan,obiad,
WORD_NOUN,HIRAGANA,,水,,みず,mizu,woda,
WORD_NOUN,HIRAGANA,,家,,いえ,ie,dom,bardziej oficjalnie
WORD_NOUN,HIRAGANA,,家,,うち,uchi,dom,moje miejsce
WORD_NOUN,HIRAGANA,,-,,えるえる,erueru,laboratorium językowe,ll
WORD_NOUN,HIRAGANA,,学校,,がっこう,gakkou,szkoła,
UNKNOWN,HIRAGANA,,朝,,あさ,asa,rano,
UNKNOWN,HIRAGANA,,明日,,あした,ashita,jutro,
WORD_ASK,HIRAGANA,,-,,いつ,itsu,kiedy,
UNKNOWN,HIRAGANA,,今日,,きょう,kyou,dziś,
UNKNOWN,HIRAGANA,,-,,ごろ,goro,około,
UNKNOWN,HIRAGANA,,今晩,,こんばん,konban,dziś wieczorem,
WORD_NOUN,HIRAGANA,,週末,,しゅうまつ,shuumatsu,weekend,
WORD_DAY_WEEK,HIRAGANA,,土曜日,,どようび,doyoubi,sobota,ziemia
WORD_DAY_WEEK,HIRAGANA,,日曜日,,にちようび,nichiyoubi,niedziela,słońce
UNKNOWN,HIRAGANA,,毎日,,まいにち,mainichi,każdego dnia,
UNKNOWN,HIRAGANA,,毎晩,,まいばん,maiban,każdej nocy,
WORD_VERB_U,HIRAGANA,に,行く,,いく,ni iku,iść,"cel, ni ~"
WORD_VERB_U,HIRAGANA,へ,行く,,いく,he iku,iść,"cel, e ~"
WORD_VERB_U,HIRAGANA,に,帰る,,かえる,ni kaeru,wracać,"cel, ni ~"
WORD_VERB_U,HIRAGANA,へ,帰る,,かえる,he kaeru,wracać,"cel, e ~"
WORD_VERB_U,HIRAGANA,を,聞く,,きく,wo kiku,słuchać,
WORD_VERB_U,HIRAGANA,を,飲む,,のむ,wo nomu,pić,
WORD_VERB_U,HIRAGANA,を,話す,,はなす,wo hanasu,mówić,"język, wo ~"
WORD_VERB_U,HIRAGANA,で,話す,,はなす,de hanasu,mówić,"język, de ~"
WORD_VERB_U,HIRAGANA,を,読む,,よむ,wo yomu,czytać,
WORD_VERB_RU,HIRAGANA,,起きる,,おきる,okiru,wstawać,
WORD_VERB_RU,HIRAGANA,を,食べる,,たべる,wo taberu,jeść,
WORD_VERB_RU,HIRAGANA,,寝る,,ねる,neru,spać,
WORD_VERB_RU,HIRAGANA,を,見る,,みる,wo miru,patrzeć,czasownik nieprzechodni
WORD_VERB_IRREGULAR,HIRAGANA,に,来る,,くる,ni kuru,przybyć,"cel, ni ~"
WORD_VERB_IRREGULAR,HIRAGANA,へ,来る,,くる,he kuru,przybyć,"cel, ni ~"
WORD_VERB_IRREGULAR,HIRAGANA,を,-,,する,wo suru,robić,
WORD_VERB_IRREGULAR,HIRAGANA,を,勉強する,,べんきょうする,wo benkyou suru,studiować,nauka z książek
WORD_ADJECTIVE_I,HIRAGANA,,-,,いい,ii,dobry,
WORD_ADJECTIVE_I,HIRAGANA,,早い,,はやい,hayai,wczesny,
WORD_ADVERB,HIRAGANA,,-,,あまり,amari,niewiele,+ forma negatywna
WORD_ADVERB,HIRAGANA,,全然,,ぜんぜん,zenzen,wcale,+ forma negatywna
WORD_ADVERB,HIRAGANA,,大抵,,たいてい,taitei,zwykle,
WORD_ADVERB,HIRAGANA,,-,,ちょっと,chotto,trochę,
WORD_ADVERB,HIRAGANA,,時々,,ときどき,tokidoki,czasami,
WORD_ADVERB,HIRAGANA,,-,,よく,yoku,"często
wiele",
WORD_EXPRESSION,HIRAGANA,,-,,そうですね,Sou desu ne,To prawda,
WORD_EXPRESSION,HIRAGANA,,-,,でも,demo,ale,"używane jest po kropce, w nowym zdaniu"
WORD_EXPRESSION,HIRAGANA,,-,,どうですか,Dou desu ka,co ty na to,
WORD_NOUN,HIRAGANA,,週,,しゅう,shuu,tydzień,
UNKNOWN,HIRAGANA,,末,,まつ,matsu,koniec,
UNKNOWN,HIRAGANA,,毎,,まい,mai,każdy,
WORD_NOUN,HIRAGANA,お,箸,,はし,ohashi,pałeczki,
WORD_NOUN,HIRAGANA,お,風呂,,ふろ,ofuro,wanna,
WORD_NOUN,HIRAGANA,,店,,みせ,mise,sklep,
WORD_NOUN,HIRAGANA,,-,,おしょうさん,oshousan,mnich,buddyjski
WORD_NOUN,HIRAGANA,,-,,こぞうさん,kozousan,uczniowie,
WORD_NOUN,KATAKANA,,-,,タヌキ,kanuki,jenot,
UNKNOWN,KATAKANA,,-,,アルバイト,arubaito,praca w niepełnym wymiarze godzin,
WORD_NOUN,HIRAGANA,,買い物,,かいもの,kaimono,zakupy,
WORD_NOUN,KATAKANA,,-,,クラス,kurasu,klasa,
WORD_PRONOUN,HIRAGANA,,-,,あなた,anata,ty,
WORD_NOUN,HIRAGANA,,犬,,いぬ,inu,pies,
WORD_NOUN,HIRAGANA,お,土産,,みやげ,omiyage,pamiątka,
WORD_NOUN,HIRAGANA,,子供,,こども,kodomo,dziecko,
WORD_NOUN,HIRAGANA,,御飯,,ごはん,gohan,jedzenie,j...
WORD_NOUN,HIRAGANA,,御飯,,ごはん,gohan,ryż gotowany,r...
WORD_NOUN,HIRAGANA,,写真,,しゃしん,shashin,rysunek,r...
WORD_NOUN,HIRAGANA,,写真,,しゃしん,shashin,zdjęcie,zd...
WORD_NOUN,HIRAGANA,,-,,つくえ,tsukue,stół,
WORD_NOUN,HIRAGANA,,手紙,,てがみ,tegami,list,
WORD_NOUN,HIRAGANA,,猫,,ねこ,neko,kot,
WORD_NOUN,KATAKANA,,-,,パン,pan,chleb,
WORD_NOUN,HIRAGANA,,人,,ひと,hito,osoba,
WORD_NOUN,HIRAGANA,お,寺,,てら,otera,świątynia,buddyjska
WORD_NOUN,HIRAGANA,,神社,,じんじゃ,jinja,świątynia,shintoistyczna
WORD_NOUN,HIRAGANA,,公園,,こうえん,kouen,park,publiczny
WORD_NOUN,KATAKANA,,-,,スウパー,suupaa,supermarket,
WORD_NOUN,KATAKANA,,-,,デパート,depaato,dom handlowy,
WORD_NOUN,HIRAGANA,,バス停,,ばすてい,basutei,przystanek autobusowy,
WORD_NOUN,HIRAGANA,,病院,,びょういん,byouin,szpital,
WORD_NOUN,KATAKANA,,-,,ホテル,hoteru,hotel,
WORD_NOUN,HIRAGANA,,本や,,ほにゃ,honya,księgarnia,
WORD_NOUN,HIRAGANA,,町,,まち,machi,miasteczko,
WORD_NOUN,KATAKANA,,-,,レストラン,resutoran,restauracja,
WORD_DAY_NUMBER,HIRAGANA,,一日,,ついたち,tsuitachi,1,dzień miesiąca
WORD_DAY_NUMBER,HIRAGANA,,二日,,ふつか,futsuka,2,dzień miesiąca
WORD_DAY_NUMBER,HIRAGANA,,三日,,みっか,mikka,3,dzień miesiąca
WORD_DAY_NUMBER,HIRAGANA,,四日,,よっか,yokka,4,dzień miesiąca
WORD_DAY_NUMBER,HIRAGANA,,五日,,いつか,itsuka,5,dzień miesiąca
WORD_DAY_NUMBER,HIRAGANA,,六日,,むいか,muika,6,dzień miesiąca
WORD_DAY_NUMBER,HIRAGANA,,七日,,なのか,nanoka,7,dzień miesiąca
WORD_DAY_NUMBER,HIRAGANA,,八日,,ようか,youka,8,dzień miesiąca
WORD_DAY_NUMBER,HIRAGANA,,九日,,ここのか,kokonoka,9,dzień miesiąca
WORD_DAY_NUMBER,HIRAGANA,,十日,,とおか,tooka,10,dzień miesiąca
WORD_DAY_NUMBER,HIRAGANA,,十一日,,じゅういちにち,juuichinichi,11,dzień miesiąca
WORD_DAY_NUMBER,HIRAGANA,,十二日,,じゅうににち,juuninichi,12,dzień miesiąca
WORD_DAY_NUMBER,HIRAGANA,,十三日,,じゅうさんにち,juusannichi,13,dzień miesiąca
WORD_DAY_NUMBER,HIRAGANA,,十四日,,じゅうよっか,juuyokka,14,dzień miesiąca
WORD_DAY_NUMBER,HIRAGANA,,十五日,,じゅうごにち,juugonichi,15,dzień miesiąca
WORD_DAY_NUMBER,HIRAGANA,,十六日,,じゅうろくにち,juurokunichi,16,dzień miesiąca
WORD_DAY_NUMBER,HIRAGANA,,十七日,,じゅうしちにち,juushichinichi,17,dzień miesiąca
WORD_DAY_NUMBER,HIRAGANA,,十八日,,じゅうはちにち,juuhachinichi,18,dzień miesiąca
WORD_DAY_NUMBER,HIRAGANA,,十九日,,じゅうくにち,juukunichi,19,dzień miesiąca
WORD_DAY_NUMBER,HIRAGANA,,二十日,,はつか,hatsuka,20,dzień miesiąca
WORD_DAY_NUMBER,HIRAGANA,,二十一日,,にじゅういちにち,nijuuichinichi,21,dzień miesiąca
WORD_DAY_NUMBER,HIRAGANA,,二十二日,,にじゅうににち,nijuuninichi,22,dzień miesiąca
WORD_DAY_NUMBER,HIRAGANA,,二十三日,,にじゅうさんにち,nijuusannichi,23,dzień miesiąca
WORD_DAY_NUMBER,HIRAGANA,,二十四日,,にじゅうよっか,nijuuyokka,24,dzień miesiąca
WORD_DAY_NUMBER,HIRAGANA,,二十五日,,にじゅうごにち,nijuugonichi,25,dzień miesiąca
WORD_DAY_NUMBER,HIRAGANA,,二十六日,,にじゅうろくにち,nijuurokunichi,26,dzień miesiąca
WORD_DAY_NUMBER,HIRAGANA,,二十七日,,にじゅうしちにち,nijuushichinichi,27,dzień miesiąca
WORD_DAY_NUMBER,HIRAGANA,,二十八日,,にじゅうはちにち,nijuuhachinichi,28,dzień miesiąca
WORD_DAY_NUMBER,HIRAGANA,,二十九日,,にじゅうくにち,nijuukunichi,29,dzień miesiąca
WORD_DAY_NUMBER,HIRAGANA,,三十日,,さんじゅうにち,sanjuunichi,30,dzień miesiąca
WORD_DAY_NUMBER,HIRAGANA,,三十一日,,さんじゅういちにち,sanjuuichinichi,31,dzień miesiąca
WORD_MONTH,HIRAGANA,,一月,,いちがつ,ichigatsu,styczeń,
WORD_MONTH,HIRAGANA,,二月,,にがつ,nigatsu,luty,
WORD_MONTH,HIRAGANA,,三月,,さんがつ,sangatsu,marzec,
WORD_MONTH,HIRAGANA,,四月,,しがつ,shigatsu,kwiecień,
WORD_MONTH,HIRAGANA,,五月,,ごがつ,gogatsu,maj,
WORD_MONTH,HIRAGANA,,六月,,ろくがつ,rokugatsu,czerwiec,
WORD_MONTH,HIRAGANA,,七月,,しちがつ,shichigatsu,lipiec,
WORD_MONTH,HIRAGANA,,八月,,はちがつ,hachigatsu,sierpień,
WORD_MONTH,HIRAGANA,,九月,,くがつ,kugatsu,wrzesień,
WORD_MONTH,HIRAGANA,,十月,,じゅうがつ,juugatsu,październik,
WORD_MONTH,HIRAGANA,,十一月,,じゅういちがつ,juuichigatsu,listopad,
WORD_MONTH,HIRAGANA,,十二月,,じゅうにがつ,juunigatsu,grudzień,
UNKNOWN,HIRAGANA,,一昨日,,おととい,ototoi,przedwczoraj,
UNKNOWN,HIRAGANA,,昨日,,きのう,kinou,wczoraj,
UNKNOWN,HIRAGANA,,今日,,きょう,kyou,dziś,
UNKNOWN,HIRAGANA,,明日,,あした,ashita,jutro,
UNKNOWN,HIRAGANA,,-,,あさって,asatte,pojutrze,
UNKNOWN,HIRAGANA,,先々週,,せんせんしゅう,sensenshuu,tydzień przed zeszłym tygodniem,
UNKNOWN,HIRAGANA,,先週,,せんしゅう,senshuu,zeszły tydzień,
UNKNOWN,HIRAGANA,,今週,,こんしゅう,konshuu,obecny tydzień,
UNKNOWN,HIRAGANA,,来週,,らいしゅう,raishuu,przyszły tydzień,
UNKNOWN,HIRAGANA,,再来週,,さらいしゅう,saraishuu,tydzień po przyszłym tygodniu,
UNKNOWN,HIRAGANA,,-,,おととし,ototoshi,rok przed zeszłym rokiem,
UNKNOWN,HIRAGANA,,去年,,きょねん,kyonen,zeszły rok,
UNKNOWN,HIRAGANA,,今年,,ことし,kotoshi,aktualny rok,
UNKNOWN,HIRAGANA,,来年,,らいねん,rainen,przyszły rok,
UNKNOWN,HIRAGANA,,再来年,,さらいねん,sarainen,rok po przyszłym roku,
UNKNOWN,HIRAGANA,,-,,さっき,sakki,przed chwilą,
UNKNOWN,HIRAGANA,,時間,,じかん,jikan,czas,
UNKNOWN,HIRAGANA,,一時間,,いちじかん,ichijikan,jedna godzina,
UNKNOWN,HIRAGANA,,時,,とき,toki,kiedy,wskazanie jakiegoś momentu w czasie
WORD_DAY_WEEK,HIRAGANA,,月曜日,,げつようび,getsuyoubi,poniedziałek,księżyc
WORD_DAY_WEEK,HIRAGANA,,火曜日,,かようび,kayoubi,wtorek,ogień
WORD_DAY_WEEK,HIRAGANA,,水曜日,,すいようび,suiyoubi,środa,woda
WORD_DAY_WEEK,HIRAGANA,,木曜日,,もくようび,mokuyoubi,czwartek,drzewo
WORD_DAY_WEEK,HIRAGANA,,金曜日,,きにょうび,kinyoubi,piątek,"pieniądze, złoto"
WORD_DAY_WEEK,HIRAGANA,,土曜日,,どようび,doyoubi,sobota,ziemia
WORD_DAY_WEEK,HIRAGANA,,日曜日,,にちようび,nichiyoubi,niedziela,słońce
WORD_VERB_U,HIRAGANA,に,会う,,あう,ni au,"spotykać
widzieć osobę","osoba, ni"
WORD_VERB_U,HIRAGANA,と,会う,,あう,to au,"spotykać
widzieć osobę","osoba, ni"
WORD_VERB_U,HIRAGANA,が,-,,ある,ga aru,być,do rzeczy martwych
WORD_VERB_U,HIRAGANA,を,買う,,かう,wo kau,kupować,
WORD_VERB_U,HIRAGANA,を,書く,,かく,wo kaku,pisać,osoba ni rzecz
WORD_VERB_U,HIRAGANA,を,撮る,,とる,wo toru,robić zdjęcie,
WORD_VERB_U,HIRAGANA,を,待つ,,まつ,wo matsu,czekać,
WORD_VERB_U,HIRAGANA,,-,,がわかる,ga wakaru,rozumieć,
WORD_VERB_RU,HIRAGANA,,-,,がいる,ga iru,być,"miejsce ni, do rzeczy żywych"
UNKNOWN,HIRAGANA,,-,,ぐらい,gurai,około,ogólne
WORD_EXPRESSION,HIRAGANA,,-,,ごめんなさい,gomen nasai,przepraszam,
UNKNOWN,HIRAGANA,,-,,だから,dakara,ponieważ,
UNKNOWN,HIRAGANA,,-,,たくさん,takusan,dużo,
UNKNOWN,HIRAGANA,,-,,すこし,sukoshi,mało,
UNKNOWN,HIRAGANA,,-,,と,to,do łączenia,
WORD_ASK,HIRAGANA,,-,,どうして,doushite,dlaczego,
UNKNOWN,HIRAGANA,,一人で,,ひとりで,hitoride,sam,
UNKNOWN,HIRAGANA,,-,,もしもし,moshimoshi,hallo,używane przy odbieraniu telefonu
WORD_LOCATION,HIRAGANA,,右,,みぎ,migi,prawo,kierunek
WORD_LOCATION,HIRAGANA,,左,,ひだり,hidari,lewo,kierunek
WORD_LOCATION,HIRAGANA,,前,,まえ,mae,przed,
WORD_LOCATION,HIRAGANA,,後ろ,,うしろ,ushiro,za,
WORD_LOCATION,HIRAGANA,,中,,なか,naka,środek,
WORD_LOCATION,HIRAGANA,,上,,うえ,ue,na,
WORD_LOCATION,HIRAGANA,,下,,した,shita,pod,
WORD_LOCATION,HIRAGANA,,-,,そば,soba,w pobliżu,
WORD_LOCATION,HIRAGANA,,隣,,となり,tonari,obok,
WORD_LOCATION,HIRAGANA,,間,,あいだ,aida,pomiędzy,
WORD_NOUN,HIRAGANA,お,隣さん,,となりさん,otonarisan,sąsiad,mniej oficjalnie
WORD_NOUN,HIRAGANA,,海,,うみ,umi,morze,
WORD_NOUN,HIRAGANA,,切手,,きって,kitte,znaczek pocztowy,
WORD_NOUN,HIRAGANA,,切符,,きっぷ,kippu,bilet,
WORD_NOUN,KATAKANA,,-,,サーフィン,saafin,surfing,
WORD_NOUN,HIRAGANA,,宿題,,しゅくだい,shukudai,praca domowa,
WORD_NOUN,HIRAGANA,,食べ物,,たべもの,tabemono,jedzenie,
WORD_NOUN,HIRAGANA,,誕生日,,たんじょうび,tanjoubi,urodziny,
WORD_NOUN,KATAKANA,,-,,テスト,tesuto,test,
WORD_NOUN,HIRAGANA,,天気,,てんき,tenki,pogoda,
WORD_NOUN,HIRAGANA,,飲み物,,のみもの,nomimono,picie,
WORD_NOUN,HIRAGANA,,葉書,,はがき,hagaki,pocztówka,
WORD_NOUN,KATAKANA,,-,,バス,basu,autobus,
WORD_NOUN,HIRAGANA,,飛行機,,ひこうき,hikouki,samolot,
WORD_NOUN,HIRAGANA,,部屋,,へや,heya,pokój,
WORD_PRONOUN,HIRAGANA,,僕,,ぼく,boku,ja,używane przez mężczyzn
WORD_NOUN,HIRAGANA,,休み,,やすみ,yasumi,"wakacje
odpoczynek
nieobecny",
WORD_NOUN,HIRAGANA,,旅行,,りょこう,ryokou,podróż,
WORD_ADJECTIVE_I,HIRAGANA,,新しい,,あたらしい,atarashii,nowy,
WORD_ADJECTIVE_I,HIRAGANA,,暑い,,あつい,atsui,gorąco,pogoda
WORD_ADJECTIVE_I,HIRAGANA,,熱い,,あつい,atsui,gorąco,przedmioty
WORD_ADJECTIVE_I,HIRAGANA,,忙しい,,いそがしい,isogashii,zajęty,człowiek / dzień
WORD_ADJECTIVE_I,HIRAGANA,,大きい,,おおきい,ookii,duży,
WORD_ADJECTIVE_I,HIRAGANA,,面白い,,おもしろい,omoshiroi,interesujący,
WORD_ADJECTIVE_I,HIRAGANA,,怖い,,こわい,kowai,straszny,
WORD_ADJECTIVE_I,HIRAGANA,,寒い,,さむい,samui,zimno,pogoda
WORD_ADJECTIVE_I,HIRAGANA,,楽しい,,たのしい,tanoshii,zabawny,
WORD_ADJECTIVE_I,HIRAGANA,,小さい,,ちいさい,chiisai,mały,
WORD_ADJECTIVE_I,HIRAGANA,,-,,つまらない,tsumaranai,nudny,
WORD_ADJECTIVE_I,HIRAGANA,,古い,,ふるい,furui,stary,do przedmiotów
WORD_ADJECTIVE_I,HIRAGANA,,難しい,,むずかしい,muzukashii,trudny,
WORD_ADJECTIVE_I,HIRAGANA,,-,,やさしい,yasashii,"łatwy
miły",problem / człowiek
WORD_ADJECTIVE_I,HIRAGANA,,安い,,やすい,yasui,tani,
WORD_ADJECTIVE_NA,HIRAGANA,,嫌い,,きらい,kirai,nie lubić,
WORD_ADJECTIVE_NA,HIRAGANA,,-,,きれい,kirei,"ładne
czyste",
WORD_ADJECTIVE_NA,HIRAGANA,,元気,,げんき,genki,"zdrowy
energiczny",
WORD_ADJECTIVE_NA,HIRAGANA,,静か,,しずか,shizuka,cichy,
WORD_ADJECTIVE_NA,HIRAGANA,,好き,,すき,suki,lubić,
WORD_ADJECTIVE_NA,HIRAGANA,,大嫌い,,だいきらい,daikirai,nienawidzić,
WORD_ADJECTIVE_NA,HIRAGANA,,大好き,,だいすき,daisuki,kochać,
WORD_ADJECTIVE_NA,HIRAGANA,,-,,にぎやか,nigiyaka,żywy,
WORD_ADJECTIVE_NA,HIRAGANA,,-,,はんさむ,hansamu,przystojny,
WORD_ADJECTIVE_NA,HIRAGANA,,暇,,ひま,hima,nie zajęty,
WORD_VERB_U,HIRAGANA,,泳ぐ,,およぐ,oyogu,pływać,
WORD_VERB_U,HIRAGANA,に,聞く,,きく,ni kiku,pytać,osobę
WORD_VERB_U,HIRAGANA,に,乗る,,のる,ni noru,"podróżować
wsiadać",
WORD_VERB_U,HIRAGANA,を,-,,やる,wo yaru,wykonywać,
WORD_VERB_RU,HIRAGANA,,出かける,,でかける,dekakeru,wychodzić,
UNKNOWN,HIRAGANA,,一緒に,,いっしょに,isshoni,razem,
UNKNOWN,HIRAGANA,,-,,それから,sorekara,i wtedy,
UNKNOWN,HIRAGANA,,大丈夫,,だいじょうぶ,daijoubu,w porządku,
UNKNOWN,HIRAGANA,,-,,とても,totemo,bardzo,
WORD_ASK,HIRAGANA,,-,,どんな,donna,jakiego rodzaju,
UNKNOWN,HIRAGANA,,枚,,まい,mai,do liczenia,płaskich przedmiotów
UNKNOWN,HIRAGANA,,-,,まで,made,do,"miejsce, czasu"
UNKNOWN,HIRAGANA,,-,,から,kara,od,czasu
WORD_NOUN,HIRAGANA,,電車,,でんしゃ,densha,pociąg,
WORD_ADJECTIVE_NA,HIRAGANA,,病気,,びょうき,byouki,chory,
UNKNOWN,HIRAGANA,,年をとった,,としをとった,toshi wo totta,stary,wo człowieku
WORD_ADJECTIVE_I,HIRAGANA,,若い,,わかい,wakai,młody,wo człowieku
WORD_ADJECTIVE_I,HIRAGANA,,汚い,,きたない,kitanai,brudny,
WORD_NOUN,HIRAGANA,,窓口,,まどぐち,madoguchi,okienko pocztowe,
WORD_NOUN,HIRAGANA,,小包,,こづつみ,kodutsumi,paczka,
WORD_NOUN,HIRAGANA,,航空便,,こうくうびん,koukuubin,poczta lotnicza,
WORD_NOUN,HIRAGANA,,保険,,ほけん,hoken,ubezpieczenie,
WORD_NOUN,HIRAGANA,,書留,,かきとめ,kakitome,list polecony,
WORD_NOUN,KATAKANA,,-,,エアログラム,earoguramu,poczta lotnicza,
WORD_NOUN,HIRAGANA,,封書,,ふうしょ,fuusho,list,bardzo oficjalnie
WORD_NOUN,HIRAGANA,,船便,,ふなびん,funabin,poczta lotnicza,
UNKNOWN,HIRAGANA,,速達,,そくたつ,sokutatsu,specjalna dostawa,
WORD_NOUN,HIRAGANA,,電池,,でんち,denchi,bateria,
WORD_NOUN,HIRAGANA,お,金,,かね,okane,pieniądze,
WORD_NOUN,HIRAGANA,,-,,おばあさん,obaasan,"babcia
starsza kobieta",
WORD_NOUN,HIRAGANA,お,風呂,,ふろ,ofuro,kąpiel,
WORD_NOUN,HIRAGANA,,漢字,,かんじ,kanji,kanji,
WORD_NOUN,HIRAGANA,,教科書,,きょうかしょ,kyoukasho,podręcznik,
UNKNOWN,HIRAGANA,,今週,,こんしゅう,konshuu,aktualny tydzień,
WORD_NOUN,HIRAGANA,,市民病院,,しみんびょういん,shiminbyouin,szpital miejski,
UNKNOWN,HIRAGANA,,次,,つぎ,tsugi,następny,
WORD_NOUN,KATAKANA,,-,,テレビげーむ,terebi geemu,gra telewizyjna,
WORD_NOUN,HIRAGANA,,電気,,でんき,denki,"elektryczność
prąd
światło",
WORD_NOUN,HIRAGANA,,電車,,でんしゃ,densha,pociąg,
WORD_NOUN,HIRAGANA,,荷物,,にもつ,nimotsu,bagaż,
WORD_NOUN,KATAKANA,,-,,ページ,peeji,strona,
WORD_NOUN,HIRAGANA,,窓,,まど,mado,okno,
WORD_NOUN,HIRAGANA,,夜,,よる,yoru,noc,
UNKNOWN,HIRAGANA,,来週,,らいしゅう,raishuu,przyszły tydzień,
UNKNOWN,HIRAGANA,,来年,,らいねん,rainen,przyszły rok,
WORD_ADJECTIVE_NA,HIRAGANA,,大変,,たいへん,taihen,ciężka,sytuacja
WORD_VERB_U,HIRAGANA,,遊ぶ,,あそぶ,asobu,"grać
miło spędzać czas",
WORD_VERB_U,HIRAGANA,,急ぐ,,いそぐ,isogu,spieszyć się,
WORD_VERB_U,HIRAGANA,お,風呂に入る,,ふろにはいる,ofuro ni hairu,brać kąpiel,
WORD_VERB_U,HIRAGANA,を,返す,,かえす,wo kaesu,zwrócić,osoba ni rzecz
WORD_VERB_U,HIRAGANA,を,消す,,けす,wo kesu,"wyłączyć
skasować",
WORD_VERB_U,HIRAGANA,,死ぬ,,しぬ,shinu,umierać,
WORD_VERB_U,HIRAGANA,に,座る,,すわる,ni suwaru,siadać,siedzenie
WORD_VERB_U,HIRAGANA,,立つ,,たつ,tatsu,stać,
WORD_VERB_U,HIRAGANA,,たばこを吸う,,たばこをすう,tabako wo suu,palić,
WORD_VERB_U,HIRAGANA,を,使う,,つかう,wo tsukau,używać,
WORD_VERB_U,HIRAGANA,を,手伝う,,てつだう,wo tetsudau,pomagać,osoba/zadanie
WORD_VERB_U,HIRAGANA,に,入る,,はいる,ni hairu,wchodzić,
WORD_VERB_U,HIRAGANA,を,持つ,,もつ,wo motsu,"nosić
trzymać",
WORD_VERB_U,HIRAGANA,を,休む,,やすむ,wo yasumu,być nieobecnym,
WORD_VERB_U,HIRAGANA,,休む,,やすむ,yasumu,odpoczywać,
WORD_VERB_RU,HIRAGANA,を,開ける,,あける,wo akeru,otwierać,
WORD_VERB_RU,HIRAGANA,を,教える,,おしえる,wo oshieru,uczyć,osoba ni rzecz
WORD_VERB_RU,HIRAGANA,を,降りる,,おりる,wo oriru,zdejmować,
WORD_VERB_U,HIRAGANA,を,借りる,,かりる,wo kariru,pożyczać,osoba ni rzecz
WORD_VERB_RU,HIRAGANA,を,閉める,,しめる,wo shimeru,zamykać,
WORD_VERB_RU,HIRAGANA,を,-,,つける,wo tsukeru,włączać,
WORD_VERB_RU,HIRAGANA,,電話をかける,,でんわをかける,denwa wo kakeru,dzwonić,osoba ni
WORD_VERB_RU,HIRAGANA,を,忘れる,,わすれる,wo wasureru,zapomnieć,
WORD_VERB_IRREGULAR,HIRAGANA,を,連れてくる,,つれてくる,wo tsurete kuru,przyprowadzać,
WORD_VERB_IRREGULAR,HIRAGANA,を,持ってくる,,もってくる,wo motte kuru,przynosić,
UNKNOWN,HIRAGANA,,後で,,あとで,atode,później,
WORD_ADVERB,HIRAGANA,,遅く,,おそく,osoku,zrobić coś później,
UNKNOWN,HIRAGANA,,-,,から,kara,ponieważ,
WORD_EXPRESSION,HIRAGANA,,結構です,,けっこうです,kekkou desu,"To jest w porządku
To nie będzie potrzebne",
UNKNOWN,HIRAGANA,,-,,すぐ,sugu,w tej chwili,
UNKNOWN,HIRAGANA,,本当,,ほんとう,hontou,naprawdę,
UNKNOWN,HIRAGANA,,-,,ゆっくり,yukkuri,"powoli
wolno
bez pośpiechu",
WORD_ADJECTIVE_I,HIRAGANA,,遅い,,おそい,osoi,późny,
WORD_ADVERB,HIRAGANA,,遅く,,おそく,osoku,późno,
WORD_ADJECTIVE_I,HIRAGANA,,悪い,,わるい,warui,zły,
WORD_NOUN,HIRAGANA,,言葉,,ことば,kotoba,"słowo
język
mowa",
WORD_NOUN,HIRAGANA,,道,,みち,michi,droga,
WORD_NOUN,KATAKANA,,-,,ゴミ,gomi,śmieci,
WORD_VERB_RU,HIRAGANA,を,捨てる,,すてる,wo suteru,wyrzucać,
WORD_NOUN,HIRAGANA,,-,,おばあさん,obaasan,babcia,
WORD_NOUN,HIRAGANA,,-,,おじいさん,ojiisan,dziadek,
WORD_NOUN,HIRAGANA,,-,,おばさん,obasan,"ciocia
kobieta w średnim wieku",
WORD_NOUN,HIRAGANA,,-,,おじさん,ojisan,"wujek
mężczyzna w średnim wieku",
WORD_ADJECTIVE_I,HIRAGANA,,頭がいい,,あたまがいい,atama ga ii,mądry,
WORD_ADJECTIVE_I,HIRAGANA,,頭が悪い,,あたまがわるい,atama ga warui,głupi,
WORD_EXPRESSION,HIRAGANA,,まっすぐ行く,,まっすぐいく,massugu iku,iść prosto,
WORD_EXPRESSION,HIRAGANA,,右に曲がる,,みぎにまがる,migi ni magaru,skręcić w prawo,
WORD_EXPRESSION,HIRAGANA,,左に曲がる,,ひだりにまがる,hidari ni magaru,skręcić w lewo,
WORD_EXPRESSION,HIRAGANA,,一つ目の信号を右に曲がる,,ひとつめのしんごうをみぎにまがる,hitotsu me no shingou wo migi ni magaru,skręcić w prawo na pierwszych światłach,
WORD_EXPRESSION,HIRAGANA,,二つ目の角を左に曲がる,,ふたつめのかどをひだりにまがる,futatsu me no kado wo hidari ni magaru,skręcić w lewo na drugim skrzyżowaniu,
WORD_EXPRESSION,HIRAGANA,,道を渡る,,みちをわたる,michi wo wataru,przez ulicę,
WORD_EXPRESSION,HIRAGANA,,道の左側,,みちのひだりかわ,michi no hidari kawa,lewo strona ulicy,
WORD_EXPRESSION,HIRAGANA,,道の右側,,みちのみぎかわ,michi no migi kawa,prawa strona ulicy,
WORD_PEOPLE_NUMBER,HIRAGANA,,一人,,ひとり,hitori,jeden człowiek,*
WORD_PEOPLE_NUMBER,HIRAGANA,,二人,,ふたり,futari,dwoje ludzi,*
WORD_PEOPLE_NUMBER,HIRAGANA,,三人,,さんにん,sannin,troje ludzi,
WORD_PEOPLE_NUMBER,HIRAGANA,,四人,,よにん,yonin,czworo ludzi,*
WORD_PEOPLE_NUMBER,HIRAGANA,,五人,,ごにん,gonin,pięcioro ludzi,
WORD_PEOPLE_NUMBER,HIRAGANA,,六人,,ろくにん,rokunin,sześcioro ludzi,
WORD_PEOPLE_NUMBER,HIRAGANA,,七人,,しちにん,shichinin,siedmioro ludzi,s...
WORD_PEOPLE_NUMBER,HIRAGANA,,七人,,ななにん,nananin,siedmioro ludzi,n...
WORD_PEOPLE_NUMBER,HIRAGANA,,八人,,はちにん,hachinin,ośmioro ludzi,
WORD_PEOPLE_NUMBER,HIRAGANA,,九人,,きゅうにん,kyuunin,dziewięcioro ludzi,
WORD_PEOPLE_NUMBER,HIRAGANA,,十人,,じゅうにん,juunin,dziesięcioro ludzi,
WORD_NOUN,HIRAGANA,,髪,,かみ,kami,włosy,
WORD_NOUN,HIRAGANA,,耳,,みみ,mimi,ucho,
WORD_NOUN,HIRAGANA,,目,,め,me,oko,
WORD_NOUN,HIRAGANA,,鼻,,はな,hana,nos,
WORD_NOUN,HIRAGANA,,口,,くち,kuchi,usta,
WORD_NOUN,HIRAGANA,,歯,,は,ha,ząb,
WORD_NOUN,HIRAGANA,,指,,ゆび,yubi,palce,
WORD_NOUN,HIRAGANA,,首,,くび,kubi,szyja,
WORD_NOUN,HIRAGANA,,手,,て,te,"dłoń
ręka",
WORD_NOUN,HIRAGANA,,頭,,あたま,atama,głowa,
WORD_NOUN,HIRAGANA,,背中,,せなか,senaka,plecy,
WORD_NOUN,HIRAGANA,,-,,おしり,oshiri,pośladek,
WORD_NOUN,HIRAGANA,,顔,,かお,kao,twarz,
WORD_NOUN,HIRAGANA,,肩,,かた,kata,ramię,
WORD_NOUN,HIRAGANA,,胸,,むね,mune,klatka piersiowa,
WORD_NOUN,HIRAGANA,,-,,おなか,onaka,brzuch,
WORD_NOUN,HIRAGANA,,足,,あし,ashi,"noga
stopa",
WORD_NOUN,HIRAGANA,,お父さん,,おとうさん,otousan,ojciec,spoza swojej rodziny
WORD_NOUN,HIRAGANA,,お母さん,,おかあさん,okaasan,matka,spoza swojej rodziny
WORD_NOUN,HIRAGANA,,お兄さん,,おにいさん,oniisan,starszy brat,spoza swojej rodziny
WORD_NOUN,HIRAGANA,,お姉さん,,おねえさん,oneesan,starsza siostra,spoza swojej rodziny
WORD_NOUN,HIRAGANA,,弟さん,,おとうとさん,otoutosan,młodszy brat,spoza swojej rodziny
WORD_NOUN,HIRAGANA,,妹さん,,いもうとさん,imoutosan,młodsza siostra,spoza swojej rodziny
WORD_NOUN,HIRAGANA,,ご主人,,ごしゅじん,goshujin,mąż,spoza swojej rodziny
WORD_NOUN,HIRAGANA,,奥さん,,おくさん,okusan,żona,spoza swojej rodziny
WORD_NOUN,HIRAGANA,,-,,おじいさん,ojiisan,dziadek,spoza swojej rodziny
WORD_NOUN,HIRAGANA,,-,,おばあさん,obaasan,babcia,spoza swojej rodziny
WORD_NOUN,HIRAGANA,,お子さん,,おこさん,okosan,dziecko,spoza swojej rodziny
WORD_NOUN,HIRAGANA,,お父さん,,おとうさん,otousan,ojciec,"własna rodzina, nieformalnie"
WORD_NOUN,HIRAGANA,,お母さん,,おかあさん,okaasan,matka,"własna rodzina, nieformalnie"
WORD_NOUN,HIRAGANA,,お兄さん,,おにいさん,oniisan,starszy brat,"własna rodzina, nieformalnie"
WORD_NOUN,HIRAGANA,,お姉さん,,おねえさん,oneesan,starsza siostra,"własna rodzina, nieformalnie"
WORD_NOUN,HIRAGANA,,父,,ちち,chichi,ojciec,"własna rodzina, formalnie"
WORD_NOUN,HIRAGANA,,母,,はは,haha,matka,"własna rodzina, formalnie"
WORD_NOUN,HIRAGANA,,兄,,あに,ani,starszy brat,"własna rodzina, formalnie"
WORD_NOUN,HIRAGANA,,姉,,あね,ane,starsza siostra,"własna rodzina, formalnie"
WORD_NOUN,HIRAGANA,,弟,,おとうと,otouto,młodszy brat,własna rodzina
WORD_NOUN,HIRAGANA,,妹,,いもうと,imouto,młodsza siostra,własna rodzina
WORD_NOUN,HIRAGANA,,主人,,しゅじん,shujin,mąż,"własna rodzina, formalnie, s..."
WORD_NOUN,HIRAGANA,,夫,,おっと,otto,mąż,"własna rodzina, formalnie, o..."
WORD_NOUN,HIRAGANA,,家内,,かない,kanai,żona,"własna rodzina, formalnie, k..."
WORD_NOUN,HIRAGANA,,妻,,つま,tsuma,żona,"własna rodzina, formalnie, t..."
WORD_NOUN,HIRAGANA,,祖父,,そふ,sofu,dziadek,"własna rodzina, formalnie"
WORD_NOUN,HIRAGANA,,祖母,,そぼ,sobo,babcia,"własna rodzina, formalnie"
WORD_NOUN,HIRAGANA,,-,,おじいさん,ojiisan,dziadek,"własna rodzina, nieformalnie"
WORD_NOUN,HIRAGANA,,-,,おばあさん,obaasan,babcia,"własna rodzina, nieformalnie"
WORD_NOUN,HIRAGANA,,うちの子,,うちのこ,uchi no ko,dziecko,własna rodzina
WORD_NOUN,HIRAGANA,,銀行員,,ぎんこういん,ginkouin,pracownik banku,
UNKNOWN,HIRAGANA,,員,,いん,in,... jakaś organizacja,
UNKNOWN,HIRAGANA,,?,,しょうきょう,shoukyou,sytuacja,
WORD_NOUN,HIRAGANA,,兄妹,,きょうだい,kyoudai,rodzeństwo,
WORD_NOUN,KATAKANA,,-,,アパート,apaato,mieszkanie,
WORD_NOUN,HIRAGANA,,歌,,うた,uta,piosenka,
WORD_NOUN,HIRAGANA,,男の人,,おとこのひと,otoko no hito,mężczyzna,
WORD_NOUN,HIRAGANA,,女の人,,おんなのひと,onna no hito,kobieta,
WORD_NOUN,HIRAGANA,,会社,,かいしゃ,kaisha,firma,
WORD_NOUN,HIRAGANA,,家族,,かぞく,kazoku,rodzina,
WORD_NOUN,HIRAGANA,,国,,くに,kuni,kraj,
WORD_NOUN,HIRAGANA,,車,,くるま,kuruma,samochód,
WORD_NOUN,KATAKANA,,-,,コンビニ,konbini,kombini,
WORD_NOUN,HIRAGANA,,食堂,,しょくどう,shokudou,stołówka,
WORD_NOUN,KATAKANA,,-,,ティシェツ,Tishetsu,T-shirt,
WORD_NOUN,HIRAGANA,,眼鏡,,めがね,megane,okulary,
WORD_ADJECTIVE_I,HIRAGANA,,頭がいい,,あたまがいい,atama ga ii,mądry,
WORD_ADJECTIVE_I,HIRAGANA,,-,,かっこいい,kakko ii,dobrze wyglądający,
WORD_ADJECTIVE_I,HIRAGANA,,可愛い,,かわいい,kawaii,milutki,
UNKNOWN,HIRAGANA,,背,,せ,se,wzrost,
WORD_ADJECTIVE_I,HIRAGANA,,背が高い,,せがたかい,se ga takai,wysoki,
WORD_ADJECTIVE_I,HIRAGANA,,背が低い,,せがひくい,se ga hikui,niski,
WORD_ADJECTIVE_I,HIRAGANA,,長い,,ながい,nagai,długi,
WORD_ADJECTIVE_I,HIRAGANA,,速い,,はやい,hayai,szybki,
WORD_ADJECTIVE_I,HIRAGANA,,短い,,みじかい,mijikai,krótki,
WORD_ADJECTIVE_NA,HIRAGANA,,親切,,しんせつ,shinsetsu,miły,
WORD_ADJECTIVE_NA,HIRAGANA,,便利,,べんり,benri,przydatny,
WORD_VERB_U,HIRAGANA,,歌う,,うたう,utau,śpiewać,
WORD_VERB_U,HIRAGANA,,-,,かぶる,kaburu,zakładać,na głowę
WORD_VERB_U,HIRAGANA,,知る,,しる,shiru,wiedzieć,
WORD_VERB_RU,HIRAGANA,,知っています,,しっています,shitte imasu,wiem,
WORD_VERB_U,HIRAGANA,,知りません,,しりません,shirimasen,nie wiedzieć,~masen
WORD_VERB_U,HIRAGANA,に,住む,,すむ,ni sumu,mieszkać,
WORD_VERB_RU,HIRAGANA,に,住んでいます,,すんでいます,ni sunde imasu,mieszkać,
WORD_VERB_U,HIRAGANA,,-,,はく,haku,zakładać,poniżej paska
WORD_VERB_U,HIRAGANA,,太る,,ふとる,futoru,zyskiwać na wadze,
WORD_VERB_RU,HIRAGANA,,太っています,,ふとっています,futotte imasu,być grubym,
WORD_VERB_RU,HIRAGANA,,-,,めがねをかける,megane wo kakeru,zakładać okulary,
WORD_VERB_RU,HIRAGANA,,着る,,きる,kiru,zakładać,powyżej paska
WORD_VERB_RU,HIRAGANA,に,勤める,,つとめる,ni tsutomeru,pracować dla,niefizycznie
WORD_VERB_RU,HIRAGANA,に,勤めています,,つとめています,ni tsutomete imasu,pracować dla,
WORD_VERB_RU,HIRAGANA,,-,,やせる,yaseru,tracić na wadze,
WORD_VERB_RU,HIRAGANA,,-,,やせています,yasete imasu,być chudym,
WORD_VERB_IRREGULAR,HIRAGANA,を,結婚する,,けっこんする,wo kekkon suru,żenić się,
UNKNOWN,HIRAGANA,,-,,が,ga,ale,używane w tym samym zdaniu
UNKNOWN,HIRAGANA,,何も,,なにも,nanimo,nic,+ forma negatywna
UNKNOWN,HIRAGANA,,人,,にん,nin,ludzi,liczenie
UNKNOWN,HIRAGANA,,別に,,べつに,betsuni,nieszczególnie,+ forma negatywna
UNKNOWN,HIRAGANA,,-,,もちろん,mochiron,oczywiście,
UNKNOWN,HIRAGANA,,-,,よかったら,yokattara,jeśli chcesz,
WORD_VERB_U,HIRAGANA,,言う,,いう,iu,mówić,
WORD_NOUN,HIRAGANA,,箸置,,はしおき,hashioki,miejsce na pałeczki,
WORD_VERB_U,HIRAGANA,,置く,,おく,oku,kłaść,
WORD_NOUN,HIRAGANA,お,皿,,さら,osara,talerz,
WORD_VERB_U,HIRAGANA,を,渡す,,わたす,wo watasu,dawać,
WORD_NOUN,HIRAGANA,,?,,ふろさと,furosato,miasto rodzinne,
WORD_ADJECTIVE_I,HIRAGANA,,白い,,しろい,shiroi,biały,
WORD_ADJECTIVE_I,HIRAGANA,,黒い,,くろい,kuroi,czarny,
WORD_ADJECTIVE_I,HIRAGANA,,赤い,,あかい,akai,czerwony,
WORD_ADJECTIVE_I,HIRAGANA,,青い,,あおい,aoi,niebieski,
WORD_ADJECTIVE_I,HIRAGANA,,黄色い,,きいろい,kiiroi,żółty,
WORD_NOUN,HIRAGANA,,色,,いろ,iro,kolor,
UNKNOWN,HIRAGANA,,ピンク色の,,ピンクいろの,pinku iro no,różowy,
UNKNOWN,HIRAGANA,お,茶色の,,ちゃいろの,ocha iro no,kolor herbaciany,
WORD_ADJECTIVE_NA,HIRAGANA,,緑,,みどり,midori,zielony,
WORD_NOUN,KATAKANA,,-,,スカート,sukaato,spódnica,
WORD_NOUN,KATAKANA,,-,,ズボン,zubon,spodnie,
WORD_NOUN,KATAKANA,,-,,シャツ,shatsu,koszula,
WORD_NOUN,KATAKANA,,-,,せーター,seetaa,sweter,
WORD_NOUN,KATAKANA,,-,,トレーナー,toreenaa,bluza,
UNKNOWN,HIRAGANA,,-,,あさって,asatte,po jutrze,
WORD_NOUN,HIRAGANA,,雨,,あめ,ame,deszcz,
WORD_NOUN,HIRAGANA,,会社員,,かいしゃいん,kaishain,pracownik biurowy,
WORD_NOUN,KATAKANA,,-,,カメラ,kamera,kamera,
UNKNOWN,KATAKANA,,-,,カラオケ,karaoke,karaoke,
WORD_NOUN,HIRAGANA,,空気,,くうき,kuuki,powietrze,
UNKNOWN,HIRAGANA,,今朝,,けさ,kesa,dzisiejszy poranek,
UNKNOWN,HIRAGANA,,今月,,こんげつ,kongetsu,aktualny miesiąc,
WORD_NOUN,HIRAGANA,,仕事,,しごと,shigoto,praca,
WORD_NOUN,HIRAGANA,,大学生,,だいがくせい,daigakusei,student,
WORD_NOUN,KATAKANA,,-,,ディスコ,disuko,disco,
WORD_NOUN,HIRAGANA,,天気予報,,てんきよほう,tenkiyohou,prognoza pogody,
WORD_NOUN,HIRAGANA,,所,,ところ,tokoro,miejsce,
WORD_NOUN,KATAKANA,,-,,トマト,tomato,pomidor,
WORD_NOUN,HIRAGANA,,夏,,なつ,natsu,lato,
UNKNOWN,HIRAGANA,,何か,,なにか,nanika,coś,
WORD_NOUN,KATAKANA,,-,,パーティー,paatii,party,
WORD_NOUN,KATAKANA,,-,,バーベキュウ,baabekyuu,grill,
WORD_NOUN,HIRAGANA,,-,,はし,hashi,pałeczki,
WORD_NOUN,HIRAGANA,,冬,,ふゆ,fuyu,zima,
UNKNOWN,KATAKANA,,-,,ホーメステイ,hoomesutei,"pozostać w domu
żyć ze swoją lokalną rodziną",
UNKNOWN,HIRAGANA,,毎週,,まいしゅう,maishuu,w każdym tygodniu,
UNKNOWN,HIRAGANA,,来月,,らいげつ,raigetsu,następny miesiąc,
WORD_ADJECTIVE_NA,HIRAGANA,が,上手,,じょうず,ga jouzu,dobry w,
WORD_ADJECTIVE_NA,HIRAGANA,が,下手,,へた,ga heta,słaby w,
WORD_ADJECTIVE_NA,HIRAGANA,,有名,,ゆうめい,yuumei,sławny,
WORD_VERB_U,HIRAGANA,,雨が降る,,あめがふる,ame ga furu,pada deszcz,
WORD_VERB_U,HIRAGANA,,洗う,,あらう,arau,myć,
WORD_VERB_U,HIRAGANA,,言う,,いう,iu,mówić,
WORD_VERB_U,HIRAGANA,,-,,がいる,ga iru,potrzebować,
WORD_VERB_U,HIRAGANA,に,遅くなる,,おそくなる,ni osoku naru,być spóźniony,na
WORD_VERB_U,HIRAGANA,,思う,,おもう,omou,myśleć,
WORD_VERB_U,HIRAGANA,,切る,,きる,kiru,ciąć,
WORD_VERB_U,HIRAGANA,,作る,,つくる,tsukuru,tworzyć,
WORD_VERB_U,HIRAGANA,,持っていく,,もっていく,motte iku,brać,coś
WORD_VERB_RU,HIRAGANA,を,じろじろ見る,,じろじろみる,wo jirojiro miru,spojrzeć,
WORD_VERB_RU,HIRAGANA,を,始める,,はじめる,wo hajimeru,zaczynać,czasownik nieprzechodni
WORD_VERB_IRREGULAR,HIRAGANA,を,運転する,,うんてんする,wo unten suru,prowadzić,
WORD_VERB_IRREGULAR,HIRAGANA,,洗濯する,,せんたくする,sentaku suru,robić pranie,
WORD_VERB_IRREGULAR,HIRAGANA,,掃除する,,そうじする,souji suru,czyścić,
WORD_VERB_IRREGULAR,HIRAGANA,,料理する,,りょうりする,ryouri suru,gotować,
UNKNOWN,HIRAGANA,,-,,ううん,uun,nie,u...
UNKNOWN,HIRAGANA,,-,,うん,un,tak,u...
WORD_EXPRESSION,HIRAGANA,,乾杯,,かんぱい,kanpai,na zdrowie,toast
UNKNOWN,HIRAGANA,,残念,,ざんねん,zannen,"trudno
szkoda",... desu ne
UNKNOWN,HIRAGANA,,-,,まだ,mada,jeszcze nie,+ forma negatywna
UNKNOWN,HIRAGANA,,-,,みんな,minna,wszyscy,
UNKNOWN,HIRAGANA,,何か,,なにか,nanika,coś,co
UNKNOWN,HIRAGANA,,-,,だれか,dareka,ktoś,do osób
UNKNOWN,HIRAGANA,,-,,どれか,doreka,któryś,który
UNKNOWN,HIRAGANA,,-,,どこか,dokoka,gdzieś,miejsce
UNKNOWN,HIRAGANA,,何も,,なにも,nanimo,nic,co
UNKNOWN,HIRAGANA,,-,,だれも,daremo,nikt,do osób
UNKNOWN,HIRAGANA,,-,,どれも,doremo,żaden,który
UNKNOWN,HIRAGANA,,-,,どこも,dokomo,nigdzie,miejsce
UNKNOWN,HIRAGANA,,-,,について,nitsuite,o czymś,
UNKNOWN,HIRAGANA,,-,,いつか,itsuka,któregoś dnia,czas
WORD_VERB_U,HIRAGANA,,疲れている,,つかれている,tsukarete iru,być zmęczony,
UNKNOWN,HIRAGANA,,-,,まず,mazu,pierwszy,
WORD_VERB_RU,HIRAGANA,,答える,,こたえる,kotaeru,odpowiadać,
UNKNOWN,HIRAGANA,,次に,,つぎに,tsugini,drugi,
UNKNOWN,HIRAGANA,,最後に,,さいごに,saigoni,ostatni,
WORD_NOUN,HIRAGANA,,いい子,,いいこ,iiko,dobre dziecko,
WORD_NOUN,HIRAGANA,,色,,いろ,iro,kolor,
WORD_NOUN,HIRAGANA,お,弁当,,べんとう,obentou,pudełko na jedzenie,
WORD_NOUN,HIRAGANA,,温泉,,おんせん,onsen,gorące źródło,
WORD_NOUN,HIRAGANA,,-,,かぶき,kabuki,Kabuki,tradycyjny Japoński teatr
WORD_NOUN,KATAKANA,,-,,ギター,gitaa,gitara,
WORD_NOUN,HIRAGANA,,薬,,くすり,kusuri,lekarstwo,
WORD_VERB_U,HIRAGANA,,薬を飲む,,くすりをのむ,kusuri wo nomu,brać lekarstwo,
WORD_NOUN,KATAKANA,,-,,コンせート,konseeto,koncert,
UNKNOWN,HIRAGANA,,今度,,こんど,kondo,następnym razem,
WORD_NOUN,HIRAGANA,,作文,,さくぶん,sakubun,wypracowanie,
WORD_NOUN,HIRAGANA,,試験,,しけん,shiken,egzamin,
WORD_NOUN,HIRAGANA,,新幹線,,しんかんせん,shinkansen,shinkansen,szybka kolej
WORD_NOUN,KATAKANA,,-,,スキー,sukii,narty,
WORD_NOUN,HIRAGANA,,先月,,せんげつ,sengetsu,zeszły miesiąc,
WORD_NOUN,HIRAGANA,,単語,,たんご,tango,słownictwo,
WORD_NOUN,KATAKANA,,-,,ピアノ,piano,pianino,
WORD_NOUN,HIRAGANA,,病気,,びょうき,byouki,choroba,
WORD_ADJECTIVE_I,HIRAGANA,,青い,,あおい,aoi,niebieski,
WORD_ADJECTIVE_I,HIRAGANA,,赤い,,あかい,akai,czerwony,
WORD_ADJECTIVE_I,HIRAGANA,,黒い,,くろい,kuroi,czarny,
WORD_ADJECTIVE_I,HIRAGANA,,寂しい,,さびしい,sabishii,samotny,
WORD_ADJECTIVE_I,HIRAGANA,,白い,,しろい,shiroi,biały,
WORD_ADJECTIVE_I,HIRAGANA,,若い,,わかい,wakai,młody,
WORD_ADJECTIVE_NA,HIRAGANA,,意地悪,,いじわる,ijiwaru,złośliwy,
WORD_VERB_U,HIRAGANA,,踊る,,おどる,odoru,tańczyć,
WORD_VERB_U,HIRAGANA,が,終わる,,おわる,ga owaru,kończyć,coś
WORD_VERB_U,HIRAGANA,,人気がある,,にんきがある,ninki ga aru,być popularny,
WORD_VERB_U,HIRAGANA,が,始まる,,はじまる,ga hajimaru,zaczynać się,"coś, czasownik przechodni"
WORD_VERB_U,HIRAGANA,,弾く,,ひく,hiku,grać,instrument klawiszowy
WORD_VERB_U,HIRAGANA,,敲く,,たたく,tataku,grać,na bębnie
WORD_VERB_U,HIRAGANA,,?,,ふく,fuku,grać,instrument dmuchany
WORD_VERB_U,HIRAGANA,を,-,,もらう,wo morau,dostać,"coś, osoba ni rzecz"
WORD_VERB_RU,HIRAGANA,,覚える,,おぼえる,oboeru,zapamiętać,
WORD_VERB_RU,HIRAGANA,に,出る,,でる,ni deru,pojawić się,
WORD_VERB_RU,HIRAGANA,を,出る,,でる,wo deru,wychodzić,
WORD_VERB_IRREGULAR,HIRAGANA,,運動する,,うんどうする,undou suru,ćwiczenia,fizyczne
WORD_VERB_IRREGULAR,HIRAGANA,,散歩する,,さんぽする,sanpo suru,spacerować,
UNKNOWN,HIRAGANA,,-,,から,kara,od,
UNKNOWN,HIRAGANA,,是非,,ぜひ,zehi,koniecznie,
UNKNOWN,HIRAGANA,,-,,ところで,tokorode,przy okazji,
UNKNOWN,HIRAGANA,,-,,みんな,minna,wszyscy,
UNKNOWN,HIRAGANA,,-,,もう,mou,już,
UNKNOWN,HIRAGANA,,-,,まだ,mada,jeszcze,
WORD_NUMBER,HIRAGANA,,一つ,,ひとつ,hitotsu,jeden,"liczby, liczenie małych przedmiotów"
WORD_NUMBER,HIRAGANA,,二つ,,ふたつ,futatsu,dwa,"liczby, liczenie małych przedmiotów"
WORD_NUMBER,HIRAGANA,,三つ,,みっつ,mittsu,trzy,"liczby, liczenie małych przedmiotów"
WORD_NUMBER,HIRAGANA,,四つ,,よっつ,yottsu,cztery,"liczby, liczenie małych przedmiotów"
WORD_NUMBER,HIRAGANA,,五つ,,いつつ,itsutsu,pięć,"liczby, liczenie małych przedmiotów"
WORD_NUMBER,HIRAGANA,,六つ,,むっつ,muttsu,sześć,"liczby, liczenie małych przedmiotów"
WORD_NUMBER,HIRAGANA,,七つ,,ななつ,nanatsu,siedem,"liczby, liczenie małych przedmiotów"
WORD_NUMBER,HIRAGANA,,八つ,,やっつ,yattsu,osiem,"liczby, liczenie małych przedmiotów"
WORD_NUMBER,HIRAGANA,,九つ,,ここのつ,kokonotsu,dziewięć,"liczby, liczenie małych przedmiotów"
WORD_NUMBER,HIRAGANA,,十,,とお,too,dziesięć,"liczby, liczenie małych przedmiotów"
UNKNOWN,HIRAGANA,,-,,そして,soshite,następnie,
UNKNOWN,HIRAGANA,,-,,それから,sorekara,no i,
WORD_NOUN,HIRAGANA,,図書館,,としょかん,toshokan,biblioteka,w budynku
WORD_NOUN,HIRAGANA,,図書室,,としょしつ,toshoshitsu,biblioteka,w sali
WORD_ADJECTIVE_I,HIRAGANA,,黄色い,,きいろい,kiiroi,żółty,
WORD_ADJECTIVE_I,HIRAGANA,,茶色い,,ちゃいろい,chairoi,brązowy,
WORD_ADJECTIVE_NA,HIRAGANA,,緑,,みどり,midori,zielony,
WORD_ADJECTIVE_NA,HIRAGANA,,灰色,,はいいろ,haiiro,szary,
WORD_ADJECTIVE_NA,KATAKANA,,-,,ピンク,pinku,różowy,
WORD_ADJECTIVE_NA,HIRAGANA,,銀色,,ぎんいろ,gin'iro,srebrny,
WORD_ADJECTIVE_NA,HIRAGANA,,紫,,むらさき,murasaki,fioletowy,
WORD_ADJECTIVE_NA,HIRAGANA,,水色,,みずいろ,mizuiro,jasno niebieski,
WORD_ADJECTIVE_NA,HIRAGANA,,金色,,きんいろ,kin'iro,złoty,
WORD_NOUN,HIRAGANA,,日記,,にっき,nikki,pamiętnik,
UNKNOWN,HIRAGANA,,午前中,,ごぜんちゅう,gozenchuu,przed południem,
UNKNOWN,KATAKANA,,-,,ホストファミリー,hosutofamirii,rodzina goszcząca,
UNKNOWN,HIRAGANA,,-,,ごちそう,gochisou,dobre jedzenie,
WORD_ADJECTIVE_NA,HIRAGANA,,-,,いろいろ,iroiro,różne,
WORD_VERB_IRREGULAR,HIRAGANA,,話をする,,はなしをする,hanashi wo suru,rozmawiać,
WORD_NOUN,HIRAGANA,,秋,,あき,aki,jesień,
WORD_NOUN,HIRAGANA,,医者,,いしゃ,isha,lekarz,
WORD_NOUN,HIRAGANA,,駅,,えき,eki,stacja,
WORD_NOUN,HIRAGANA,お,金持ち,,かねもち,okanemochi,bogaty człowiek,
WORD_NOUN,HIRAGANA,,顔,,かお,kao,twarz,
WORD_NOUN,HIRAGANA,,季節,,きせつ,kisetsu,sezon,
WORD_NOUN,KATAKANA,,-,,クレジットカード,kurejitto kaado,karta kredytowa,
UNKNOWN,HIRAGANA,,今年,,ことし,kotoshi,aktualny rok,
WORD_NOUN,KATAKANA,,-,,サッカー,sakkaa,piłka nożna,
WORD_NOUN,KATAKANA,,-,,シャツ,shatsu,koszula,
WORD_NOUN,HIRAGANA,,生活,,せいかつ,seikatsu,życie,
WORD_NOUN,HIRAGANA,,世界,,せかい,sekai,świat,
WORD_NOUN,HIRAGANA,,地下鉄,,ちかてつ,chikatetsu,metro,
WORD_NOUN,HIRAGANA,,手袋,,てぶくろ,tebukuro,rękawiczki,
WORD_NOUN,HIRAGANA,,床や,,とこや,tokoya,fryzjer,męski
WORD_NOUN,HIRAGANA,,春,,はる,haru,wiosna,
WORD_NOUN,KATAKANA,,-,,パンツ,pantsu,majtki,
WORD_NOUN,HIRAGANA,,美容院,,びよういん,biyouin,fryzjer,damski
WORD_NOUN,HIRAGANA,,便,,びん,bin,lot,
WORD_NOUN,HIRAGANA,,船,,ふね,fune,statek,
WORD_NOUN,HIRAGANA,,野球,,やきゅう,yakyuu,baseball,
WORD_NOUN,HIRAGANA,,有名人,,ゆうめいじん,yuumeijin,celebryta,
WORD_NOUN,HIRAGANA,,予約,,よやく,yoyaku,rezerwacja,
UNKNOWN,HIRAGANA,,来学期,,らいがっき,raigakki,następny semestr,
WORD_NOUN,HIRAGANA,,-,,りんご,ringo,jabłko,
WORD_ADJECTIVE_I,HIRAGANA,,暖かい,,あたたかい,atatakai,ciepło,
WORD_ADJECTIVE_I,HIRAGANA,,遅い,,おそい,osoi,"powoli
spóźniony",
WORD_ADJECTIVE_I,HIRAGANA,,涼しい,,すずしい,suzushii,zimny,tylko do pogody
WORD_ADJECTIVE_I,HIRAGANA,,冷たい,,つめたい,tsumetai,zimny,do ludzi/rzeczy
WORD_ADJECTIVE_I,HIRAGANA,,眠い,,ねむい,nemui,śpiący,
WORD_ADJECTIVE_NA,HIRAGANA,,簡単,,かんたん,kantan,łatwy,
WORD_VERB_U,HIRAGANA,,-,,かかる,kakaru,zajmować,"czas/pieniądze, bez partykuły"
WORD_VERB_U,HIRAGANA,に,泊まる,,とまる,ni tomaru,zostać,w hotelu i etc
WORD_VERB_U,HIRAGANA,,-,,なる,naru,stawać się,
WORD_VERB_U,HIRAGANA,,払う,,はらう,harau,płacić,
WORD_VERB_RU,HIRAGANA,,決める,,きめる,kimeru,decydować,
WORD_VERB_IRREGULAR,HIRAGANA,,練習する,,れんしゅうする,renshuu suru,ćwiczyć,praktykować
UNKNOWN,HIRAGANA,,歩いて,,あるいて,aruite,piechotą,
UNKNOWN,HIRAGANA,,一番,,いちばん,ichiban,najlepszy,
UNKNOWN,HIRAGANA,,-,,か,ka,albo,"~ x ~, wyrażenie"
UNKNOWN,HIRAGANA,,花月,,かげつ,kagetsu,przez ... miesięcy,
UNKNOWN,HIRAGANA,,後,,ご,go,"w ... czasie, po ...",
UNKNOWN,HIRAGANA,,-,,このごろ,konogoro,te dni,
UNKNOWN,HIRAGANA,,週間,,しゅうかん,shuukan,tygodnie,przedział czasu
UNKNOWN,HIRAGANA,,-,,で,de,czym,"partykuła, metoda transportu, czym"
WORD_ASK,HIRAGANA,,-,,どうやって,douyatte,jak,
WORD_ASK,HIRAGANA,,-,,どちら,dochira,które,bardziej uprzejme
WORD_ASK,HIRAGANA,,-,,どっち,docchi,które,mniej uprzejme
WORD_ASK,HIRAGANA,,-,,どのぐらい,donogurai,"jak wiele
jak długo",
UNKNOWN,HIRAGANA,,年,,ねん,nen,lata,
WORD_ADVERB,HIRAGANA,,早く,,はやく,hayaku,"wcześnie
szybko",zrobić coś
UNKNOWN,HIRAGANA,,-,,つもりです,tsumori desu,mam zamiar,+ czasownik w formie prostej
WORD_VERB_U,HIRAGANA,,歩いて行く,,あるいていく,aruite iku,iść na piechotę,
WORD_NOUN,HIRAGANA,,交番,,こうばん,kouban,posterunek policji,
WORD_NOUN,HIRAGANA,お,巡り,,まわり,omawari,policjant,patrolujący ulice
WORD_VERB_U,HIRAGANA,を,上がる,,あがる,wo agaru,iść pod górę,
WORD_NOUN,HIRAGANA,,階段,,かいだん,kaidan,schody,
WORD_VERB_U,HIRAGANA,を,下りる,,おりる,wo oriru,schodzić,
WORD_NOUN,HIRAGANA,,駐車場,,ちゅうしゃじょう,chuushajou,parking,
WORD_VERB_U,HIRAGANA,,学ぶ,,まなぶ,manabu,uczyć się,ogólnie
WORD_VERB_U,HIRAGANA,,習う,,ならう,narau,uczyć się,czegoś praktycznego
UNKNOWN,HIRAGANA,,-,,むかしむかし,mukashimukashi,"dawno, dawno temu",
WORD_NOUN,HIRAGANA,,-,,かき,kaki,bambusowy kapelusz,
WORD_NOUN,HIRAGANA,,-,,おもち,omochi,ciastko ryżowe,
WORD_ADJECTIVE_I,HIRAGANA,,-,,かなしい,kanashii,smutny,
WORD_NOUN,HIRAGANA,,山道,,やまみち,yamamichi,górska droga,
WORD_VERB_RU,HIRAGANA,を,-,,ぶせる,wo buseru,"zakładać (czapkę) na kogoś głowę, ~ ni ~",
WORD_NOUN,HIRAGANA,,地蔵,,じぞう,jizou,"opiekun
bóstwo dzieci",
WORD_VERB_U,HIRAGANA,,-,,とる,toru,zdejmować,
WORD_NOUN,HIRAGANA,,-,,いいこと,iikoto,dobry uczynek,
WORD_NOUN,HIRAGANA,,声,,こえ,koe,głos,
WORD_NOUN,HIRAGANA,,戸,,と,to,drzwi,
WORD_VERB_IRREGULAR,HIRAGANA,,-,,びっくりする,bikkuri suru,być zaskoczony,
WORD_ADJECTIVE_NA,HIRAGANA,,幸せ,,しあわせ,shiawase,szczęśliwy,
WORD_NOUN,KATAKANA,,-,,オーストラリア,oosutoraria,Australia,
WORD_NOUN,HIRAGANA,お,菓子,,かし,okashi,przekąski,
WORD_NOUN,HIRAGANA,お,正月,,しょうがつ,oshougatsu,Nowy Rok,dosł: właściwy miesiąc
WORD_NOUN,HIRAGANA,,男の子,,おとこのこ,otoko no ko,chłopczyk,
WORD_NOUN,HIRAGANA,,-,,おもちゃ,omocha,zabawka,
WORD_NOUN,HIRAGANA,,女の子,,おんなのこ,onna no ko,dziewczynka,
WORD_NOUN,HIRAGANA,,外国,,がいこく,gaikoku,zagraniczny kraj,
WORD_NOUN,HIRAGANA,,歌手,,かしゅ,kashu,piosenkarz,
WORD_NOUN,KATAKANA,,-,,キャンプ,kyanpu,obóz,
WORD_NOUN,HIRAGANA,,-,,こちら,kochira,ta osoba,uprzejmie
UNKNOWN,HIRAGANA,,今学期,,こんがっき,kongakki,aktualny semestr,
WORD_NOUN,HIRAGANA,,社長,,しゃちょう,shachou,prezes,firmy
WORD_NOUN,HIRAGANA,,授業,,じゅぎょう,jugyou,"wykład
zajęcia",
UNKNOWN,HIRAGANA,,将来,,しょうらい,shourai,przyszłość,
UNKNOWN,KATAKANA,,-,,ドライブ,doraibu,przejażdżka,
WORD_NOUN,KATAKANA,,-,,ビール,biiru,piwo,
WORD_NOUN,HIRAGANA,,美術館,,びじゅつかん,bijutsukan,muzeum,artystyczne
UNKNOWN,KATAKANA,,-,,ホストファミリー,hosutofamirii,rodzina goszcząca,
WORD_NOUN,HIRAGANA,,湖,,みずうみ,mizuumi,jezioro,
WORD_NOUN,HIRAGANA,,山,,やま,yama,góra,
WORD_NOUN,HIRAGANA,,夢,,ゆめ,yume,marzenie,
WORD_NOUN,KATAKANA,,-,,ルー厶メート,ruumumeeto,współlokator,
WORD_VERB_U,HIRAGANA,,-,,うそをつく,uso wo tsuku,kłamać,
WORD_VERB_U,HIRAGANA,,-,,おなかがすく,onaka ga suku,być głodnym,
WORD_VERB_U,HIRAGANA,,飼う,,かう,kau,hodować,zwierzaka
WORD_VERB_U,KATAKANA,,-,,サボる,saboru,opuszczać zajęcia,
WORD_VERB_U,HIRAGANA,,取る,,とる,toru,zdać do następnej klasy,
WORD_VERB_U,HIRAGANA,,習う,,ならう,narau,uczyć się,czegoś praktycznego
WORD_VERB_U,HIRAGANA,に,登る,,のぼる,ni noboru,wspinać się,
WORD_VERB_U,HIRAGANA,,働く,,はたらく,hataraku,pracować,h...
WORD_VERB_IRREGULAR,HIRAGANA,,仕事をする,,しごとをする,shigoto wo suru,pracować,s...
WORD_VERB_RU,HIRAGANA,に,勤める,,つとめる,ni tsutomeru,pracować dla,
WORD_VERB_RU,HIRAGANA,,疲れる,,つかれる,tsukareru,być zmęczony,
WORD_VERB_RU,HIRAGANA,,-,,やめる,yameru,rezygnować,
WORD_VERB_IRREGULAR,HIRAGANA,,-,,けんかする,kenka suru,pokłócić się,
WORD_VERB_IRREGULAR,HIRAGANA,を,紹介する,,しょうかいする,wo shoukai suru,przedstawiać,"kogoś ni kto ~, hiragana i katakana"
WORD_VERB_IRREGULAR,HIRAGANA,,-,,ダイエットする,daietto suru,być na diecie,
WORD_VERB_IRREGULAR,HIRAGANA,,遅刻する,,ちこくする,chikoku suru,być spóźniony,
WORD_VERB_IRREGULAR,HIRAGANA,に,留学する,,りゅうがくする,ni ryuugaku suru,studiować za granicą,
UNKNOWN,HIRAGANA,,後,,あと,ato,po,zdarzenie no
UNKNOWN,HIRAGANA,,出身,,しゅっしん,shusshin,miejsce pochodzenia,miejsce no
UNKNOWN,HIRAGANA,,-,,すごく,sugoku,bardzo,
UNKNOWN,HIRAGANA,,-,,そして,soshite,następnie,
UNKNOWN,HIRAGANA,,-,,だけ,dake,"właśnie
tylko",~
UNKNOWN,HIRAGANA,,点,,てん,ten,punkty,~
UNKNOWN,HIRAGANA,,久しぶり,,ひさしぶり,hisashiburi,długi okres czasu,
UNKNOWN,HIRAGANA,,-,,まあまあ,maamaa,tak sobie,
UNKNOWN,HIRAGANA,,-,,もっと,motto,"więcej
bardziej",
WORD_NOUN,HIRAGANA,,作家,,さっか,sakka,pisarz,
WORD_NOUN,HIRAGANA,,警察官,,けいさつかん,keisatsukan,policjant,
WORD_NOUN,HIRAGANA,,俳優,,はいゆう,haiyuu,aktor,
WORD_NOUN,HIRAGANA,,看護師,,かんごし,kangoshi,pielęgniarka,
WORD_NOUN,HIRAGANA,,弁護士,,べんごし,bengoshi,prawnik,
WORD_NOUN,HIRAGANA,,野球選手,,やきゅうせんしゅ,yakyuusenshu,gracz baseball'a,
WORD_NOUN,HIRAGANA,,大統領,,だいとうりょう,daitouryou,prezydent,
WORD_NOUN,KATAKANA,,-,,ジャーナリスト,jaanarisuto,dziennikarz,
WORD_NOUN,HIRAGANA,,主婦,,しゅふ,shufu,pani domu,
WORD_NOUN,HIRAGANA,,女優,,じょゆう,joyuu,aktorka,
WORD_NOUN,HIRAGANA,,消防士,,しょうぼうし,shouboushi,strażak,
UNKNOWN,HIRAGANA,,-,,なるほど,naruhodo,"racja
zgadza się",
WORD_VERB_RU,HIRAGANA,,助ける,,たすける,tasukeru,pomagać,
WORD_VERB_TE,HIRAGANA,,助けて,,たすけて,tasukete,pomocy,
WORD_VERB_RU,HIRAGANA,,見せる,,みせる,miseru,pokazywać,
UNKNOWN,HIRAGANA,,-,,けど,kedo,ale,k...
UNKNOWN,HIRAGANA,,犯人,,はんにん,hannin,przestępca,
WORD_VERB_RU,HIRAGANA,が,見える,,みえる,ga mieru,oglądać,czasownik przechodni
WORD_VERB_RU,HIRAGANA,,終える,,おえる,oeru,kończyć się,czasownik przechodni
UNKNOWN,HIRAGANA,,-,,しめきり,shimekiri,ostateczny termin,
UNKNOWN,HIRAGANA,,意味,,いみ,imi,znaczenie,
UNKNOWN,HIRAGANA,,発音,,はつおん,hatsuon,wymowa,
WORD_NOUN,HIRAGANA,,文法,,ぶんぽう,bunpou,gramatyka,
UNKNOWN,HIRAGANA,,質問,,しつもん,shitsumon,pytanie,
WORD_NOUN,HIRAGANA,,答,,こたえ,kotae,odpowiedź,
WORD_NOUN,HIRAGANA,,例,,れい,rei,przykład,
WORD_NOUN,HIRAGANA,,-,,かっこ,kakko,nawias,
UNKNOWN,HIRAGANA,,◯,,まる,maru,prawidłowo,
UNKNOWN,HIRAGANA,,X,,ばつ,batsu,źle,
UNKNOWN,HIRAGANA,,くだけた言い方,,くだけたいいかた,kudaketa ii kata,wyrażenie kolokwialne,
UNKNOWN,HIRAGANA,,かたい言い方,,かたいいいかた,katai ii kata,wyrażenie książkowe,
UNKNOWN,HIRAGANA,,ていねいな言い方,,ていねいないいかた,teinei na ii kata,zwrot grzecznościowy,
UNKNOWN,HIRAGANA,,方言,,ほうげん,hougen,dialekt,
UNKNOWN,HIRAGANA,,標準語,,ひょうじゅんご,hyoujungo,standardowy Japoński,
UNKNOWN,HIRAGANA,,-,,たとえば,tatoeba,na przykład,
UNKNOWN,HIRAGANA,,-,,ほかに,hokani,coś innego,
UNKNOWN,HIRAGANA,,〜番,,ばん,ban,numer,
WORD_NOUN,KATAKANA,,-,,ページ,peeji,numer strony,~
UNKNOWN,HIRAGANA,,〜行目,,ぎょうめ,gyoume,numer linii,~
UNKNOWN,HIRAGANA,,二人ずつ,,ふたりずつ,futarizutsu,dla każdych dwóch osób,
WORD_NOUN,HIRAGANA,,足,,あし,ashi,"noga
stopa",
WORD_NOUN,HIRAGANA,,意味,,いみ,imi,znaczenie,
WORD_NOUN,HIRAGANA,,-,,おなか,onaka,brzuch,
WORD_NOUN,HIRAGANA,,風邪,,かぜ,kaze,przeziębienie,
WORD_NOUN,HIRAGANA,,彼女,,かのじょ,kanojo,narzeczona,
WORD_NOUN,HIRAGANA,,彼,,かれ,kare,narzeczony,
WORD_NOUN,HIRAGANA,,気温,,きおん,kion,temperatura,tylko do pogody
WORD_NOUN,HIRAGANA,,曇り,,くもり,kumori,pochmurna pogoda,
WORD_NOUN,HIRAGANA,,試合,,しあい,shiai,"mecz
gra",
WORD_NOUN,KATAKANA,,-,,ジュース,juusu,sok,
WORD_NOUN,HIRAGANA,,政治,,せいじ,seiji,polityka,
WORD_NOUN,HIRAGANA,,成績,,せいせき,seiseki,ocena,na teście i etc
WORD_NOUN,HIRAGANA,,-,,せき,seki,kaszel,
WORD_NOUN,HIRAGANA,,-,,のど,nodo,gardło,
WORD_NOUN,HIRAGANA,,歯,,は,ha,ząb,
WORD_NOUN,HIRAGANA,,花,,はな,hana,kwiatek,
WORD_NOUN,HIRAGANA,,晴れ,,はれ,hare,słoneczna pogoda,
WORD_NOUN,HIRAGANA,,服,,ふく,fuku,ubranie,
WORD_NOUN,HIRAGANA,,二日酔い,,ふつかよい,futsukayoi,kac,
WORD_NOUN,KATAKANA,,-,,プレゼント,purezento,prezent,
UNKNOWN,KATAKANA,,-,,ホームシック,hoomushikku,tęsknić za domem,
WORD_NOUN,HIRAGANA,,物,,もの,mono,rzecz,konkretny obiekt
WORD_NOUN,HIRAGANA,,雪,,ゆき,yuki,śnieg,
WORD_NOUN,HIRAGANA,,用事,,ようじ,youji,rzeczy do wykonania,
WORD_ADJECTIVE_I,HIRAGANA,,甘い,,あまい,amai,słodki,
WORD_ADJECTIVE_I,HIRAGANA,,痛い,,いたい,itai,"bolesny
ranny",
WORD_ADJECTIVE_I,HIRAGANA,,多い,,おおい,ooi,dużo,
WORD_ADJECTIVE_I,HIRAGANA,,狭い,,せまい,semai,"wąski
nie przestronny",
WORD_NOUN,HIRAGANA,,都合,,つごう,tsugou,okoliczność,
WORD_ADJECTIVE_I,HIRAGANA,,都合が悪い,,つごうがわるい,tsugou ga warui,coś mi nie pasuje,w grafiku
WORD_ADJECTIVE_I,HIRAGANA,,悪い,,わるい,warui,zły,
WORD_ADJECTIVE_NA,HIRAGANA,,素敵,,すてき,suteki,fantastyczny,
WORD_VERB_U,HIRAGANA,,風邪をひく,,かぜをひく,kaze wo hiku,złapać przeziębienie,
WORD_VERB_U,HIRAGANA,に,興味がある,,きょうみがある,ni kyoumi ga aru,być zainteresowany,tematem ~
WORD_VERB_U,HIRAGANA,,-,,なくす,nakusu,tracić,
WORD_VERB_U,HIRAGANA,,熱がある,,ねつがある,netsu ga aru,mieć gorączkę,
WORD_VERB_U,HIRAGANA,,のどが渇く,,のどがかわく,nodo ga kawaku,"być spragniony
mieć sucho w gardle",
WORD_VERB_U,HIRAGANA,,渇く,,かわく,kawaku,wyschnąć,
WORD_VERB_U,HIRAGANA,,渇かす,,かわかる,kawakasu,suszyć,
WORD_VERB_RU,HIRAGANA,,せきが出る,,せきがでる,seki ga deru,kasłać,
WORD_VERB_RU,HIRAGANA,と,別れる,,わかれる,to wakareru,izolować,osobę ~
WORD_VERB_IRREGULAR,HIRAGANA,,緊張する,,きんちょうする,kinchou suru,"spinać się
być zdenerwowany",
WORD_VERB_IRREGULAR,HIRAGANA,,心配する,,しんぱいする,shinpai suru,martwić się,
UNKNOWN,HIRAGANA,,-,,いつも,itsumo,zawsze,
UNKNOWN,HIRAGANA,,お大事に,,おだいじに,odaijini,"będzie dobrze
trzymaj się",
UNKNOWN,HIRAGANA,,元気がない,,げんきがない,genki ga nai,słabo wyglądać,
UNKNOWN,HIRAGANA,,多分,,たぶん,tabun,być może,
UNKNOWN,HIRAGANA,,-,,できるだけ,dekirudake,w miarę możliwości,
UNKNOWN,HIRAGANA,,-,,でしょう,deshou,prawdopodobnie,"~, pewność 60%, używane m.in do prognozy pogody"
UNKNOWN,HIRAGANA,,度,,ど,do,stopnie,temperatura
UNKNOWN,HIRAGANA,,二三日,,にさんにち,ni san nichi,"2,3 dni",
UNKNOWN,HIRAGANA,,-,,ので,node,ponieważ,~
UNKNOWN,HIRAGANA,,始めて,,はじめて,hajimete,pierwszy raz,
UNKNOWN,HIRAGANA,,-,,もうすぐ,mousugu,"bardzo szybko
za parę chwil/dni",
WORD_VERB_U,HIRAGANA,,転ぶ,,ころぶ,korobu,przewracać się,
WORD_NOUN,HIRAGANA,,灰,,はい,hai,popiół,
UNKNOWN,HIRAGANA,,欲張り,,よくばり,yokubari,chciwość,
WORD_VERB_RU,HIRAGANA,,枯れる,,かれる,kareru,uschnąć,
UNKNOWN,HIRAGANA,,募集,,ぼしゅう,boshuu,rekrutacja,"~, szukanie ..."
UNKNOWN,KATAKANA,,-,,アウトドア,autodoa,zajęcia na wolnym powietrzu,outdoor activities
WORD_NOUN,HIRAGANA,,彼女,,かのじょ,kanojo,narzeczona,
WORD_NOUN,HIRAGANA,,趣味,,しゅみ,shumi,hobby,
WORD_NOUN,KATAKANA,,-,,バンド,bando,zespół,muzyczny
WORD_NOUN,HIRAGANA,,文化,,ぶんか,bunka,kultura,
WORD_NOUN,HIRAGANA,,-,,つり,tsuri,wędkarstwo,
WORD_NOUN,HIRAGANA,,神社,,じんじゃ,jinja,świątynia,shintoistyczna
WORD_NOUN,HIRAGANA,,祭り,,まつり,matsuri,festiwal,
UNKNOWN,HIRAGANA,お,返事,,へんじ,ohenji,odpowiedź,
UNKNOWN,HIRAGANA,,方,,ほう,hou,kierunek,
WORD_VERB_RU,HIRAGANA,,晴れる,,はれる,hareru,słoneczna pogoda,czasownik
WORD_NOUN,HIRAGANA,,雲,,くも,kumo,chmura,
WORD_VERB_U,HIRAGANA,,曇る,,くもる,kumoru,chmurzyć się,
WORD_NOUN,HIRAGANA,,風,,かぜ,kaze,wiatr,
WORD_VERB_U,HIRAGANA,,風が吹く,,かぜがふく,kaze ga fuku,wiatr wieje,
WORD_ADJECTIVE_NA,HIRAGANA,,大事,,だいじ,daiji,ważny,
WORD_NOUN,HIRAGANA,,書類,,しょるい,shorui,dokument,
WORD_NOUN,HIRAGANA,,会談,,かいだん,kaidan,konferencja,
WORD_ADJECTIVE_I,HIRAGANA,,重い,,おもい,omoi,"ciężki
masywny",
WORD_NOUN,HIRAGANA,,桜,,さくら,sakura,kwiat wiśni,
UNKNOWN,HIRAGANA,,花見,,はなみ,hanami,oglądanie kwiatów,
WORD_NOUN,HIRAGANA,,神さま,,かみさま,kamisama,Bóg,
WORD_NOUN,HIRAGANA,,娘,,むすめ,musume,córka,
WORD_ADJECTIVE_NA,HIRAGANA,,-,,まじめ,majime,poważny,
WORD_VERB_U,HIRAGANA,,はたを織る,,はたをおる,hata wo oru,tkać,
UNKNOWN,HIRAGANA,,-,,ある,aru,pewnego,~
UNKNOWN,HIRAGANA,,ある日,,あるひ,aru hi,pewnego dnia,
UNKNOWN,HIRAGANA,,大人,,おとな,otona,osoba dorosła,
WORD_VERB_RU,HIRAGANA,,見つける,,みつける,mitsukeru,szukać,
WORD_NOUN,HIRAGANA,,天の川,,あまのがわ,ama no gawa,Droga Mleczna,
UNKNOWN,HIRAGANA,,向こう,,むこう,mukou,po tamtej stronie,
WORD_NOUN,HIRAGANA,,畑,,はたけ,hatake,pole,nieryżowe
WORD_VERB_U,HIRAGANA,,怒る,,おこる,okoru,zezłościć się,
WORD_VERB_U,HIRAGANA,,連れて帰る,,つれてかえる,tsurete kaeru,wracać do domu,
WORD_VERB_U,HIRAGANA,,泣く,,なく,naku,płakać,
WORD_ADJECTIVE_NA,HIRAGANA,,-,,かわいそう,kawai sou,żałosny,
UNKNOWN,HIRAGANA,,一年に一度,,いちねんにいちど,ichinen ni ichido,raz do roku,
UNKNOWN,HIRAGANA,,-,,までに,made ni,do kiedy,~
UNKNOWN,HIRAGANA,,願い,,ねがい,negai,życzenie,
WORD_VERB_U,HIRAGANA,,-,,かなう,kanau,być zrealizowany,
WORD_PRONOUN,HIRAGANA,,私たち,,わたしたち,watashi tachi,my,
UNKNOWN,HIRAGANA,,-,,など,nado,i tak dalej,
WORD_NOUN,HIRAGANA,,-,,たんざく,tanzaku,kawałek ładnego papieru,
WORD_NOUN,HIRAGANA,,人々,,ひとびと,hitobito,ludzie,
UNKNOWN,HIRAGANA,,値段,,ねだん,nedan,cena,
WORD_NOUN,KATAKANA,,-,,ウエイター,ueitaa,kelner,
WORD_NOUN,HIRAGANA,,-,,おじいさん,ojiisan,"dziadek
starszy mężczyzna",
WORD_NOUN,HIRAGANA,,お宅,,おたく,otaku,twój,dom
UNKNOWN,HIRAGANA,,大人,,おとな,otona,dorosły,
WORD_NOUN,HIRAGANA,,外国語,,がいこくご,gaikokugo,język obcy,
WORD_NOUN,HIRAGANA,,楽器,,がっき,gakki,instrument muzyczny,
WORD_NOUN,HIRAGANA,,空手,,からて,karate,karate,
WORD_NOUN,KATAKANA,,-,,カレー,karee,curry,
WORD_NOUN,HIRAGANA,,着物,,きもの,kimono,kimono,
WORD_NOUN,KATAKANA,,-,,ケーキ,keeki,ciastko,
WORD_NOUN,HIRAGANA,,広告,,こうこく,koukoku,ogłoszenie,
WORD_NOUN,HIRAGANA,,紅茶,,こうちゃ,koucha,herbata,czarna
WORD_NOUN,HIRAGANA,,言葉,,ことば,kotoba,język,mowa
WORD_NOUN,KATAKANA,,-,,ゴルフ,gorufu,golf,
WORD_NOUN,KATAKANA,,-,,セーター,seetaa,sweter,
WORD_NOUN,HIRAGANA,,象,,ぞう,zou,słoń,
WORD_NOUN,KATAKANA,,-,,バイオリン,baiorin,skrzypce,
WORD_NOUN,KATAKANA,,-,,バイク,baiku,motor,
WORD_NOUN,HIRAGANA,,物価,,ぶっか,bukka,ceny,"ogólnie, nie konkretna cena"
WORD_NOUN,HIRAGANA,,文法,,ぶんぽう,bunpou,gramatyka,
WORD_NOUN,HIRAGANA,,弁護士,,べんごし,bengoshi,prawnik,
UNKNOWN,HIRAGANA,,募集,,ぼしゅう,boshuu,rekrutacja,"~, szukanie ..."
WORD_NOUN,HIRAGANA,,店,,みせ,mise,sklep,
WORD_NOUN,HIRAGANA,,-,,やくざ,yakuza,yakuza,
WORD_NOUN,HIRAGANA,,約束,,やくそく,yakusoku,"obietnica
termin",
WORD_NOUN,KATAKANA,,-,,レポート,repooto,praca semestralna,
WORD_PRONOUN,HIRAGANA,,私,,わたくし,watakushi,ja,formalnie
WORD_ADJECTIVE_I,HIRAGANA,,-,,うれしい,ureshii,zadowolony,
WORD_ADJECTIVE_I,HIRAGANA,,悲しい,,かなしい,kanashii,smutny,
WORD_ADJECTIVE_I,HIRAGANA,,辛い,,からい,karai,"gorący i pikantny
słony",
WORD_ADJECTIVE_I,HIRAGANA,,厳しい,,きびしい,kibishii,"surowy
rygorystyczny",
WORD_ADJECTIVE_I,HIRAGANA,,近い,,ちかい,chikai,bliski,
WORD_ADJECTIVE_NA,HIRAGANA,,-,,いろいろ,iroiro,różne,
WORD_ADJECTIVE_NA,HIRAGANA,,幸せ,,しあわせ,shiawase,szczęśliwy,
WORD_ADJECTIVE_NA,HIRAGANA,,-,,だめ,dame,"beznadziejny
niedobry",
WORD_VERB_U,HIRAGANA,,編む,,あむ,amu,robić na drutach,
WORD_VERB_U,HIRAGANA,,貸す,,かす,kasu,"pożyczać
wynajmować",rzecz wo osoba ni
WORD_VERB_U,HIRAGANA,,頑張る,,がんばる,ganbaru,starać się,
WORD_VERB_U,HIRAGANA,,泣く,,なく,naku,płakać,
WORD_VERB_U,HIRAGANA,,磨く,,みがく,migaku,"myć zęby
polerować",
WORD_VERB_U,HIRAGANA,,約束を守る,,やくそくをまもる,yakusoku wo mamoru,dotrzymać tajemnicy,
WORD_VERB_IRREGULAR,HIRAGANA,,感動する,,かんどうする,kandou suru,wzruszać się,przez ~ ni
WORD_EXPRESSION,HIRAGANA,,-,,いらっしゃいます,irasshaimasu,czy ktoś jest obecny / w domu,uprzejmie
WORD_EXPRESSION,HIRAGANA,,回,,かい,kai,razy,~
WORD_EXPRESSION,HIRAGANA,,-,,キロ,kiro,kilo,"~ , np. kilometry, kilogramy"
WORD_EXPRESSION,HIRAGANA,,実は,,じつは,jitsuha,"w istocie
faktycznie",
WORD_EXPRESSION,HIRAGANA,,全部,,ぜんぶ,zenbu,wszystko,
WORD_EXPRESSION,HIRAGANA,,と申します,,ともうします,to moushimasu,nazywam się,
WORD_EXPRESSION,HIRAGANA,,よろしくお願いします,,よろしくおねがいします,yoroshiku onegai shimasu,Z góry dziękuję,
WORD_COUNT_DAY_NUMBER,HIRAGANA,,一日,,いちにち,ichinichi,jeden dzień,
WORD_COUNT_DAY_NUMBER,HIRAGANA,,二日,,ふつか,futsuka,dwa dni,
WORD_COUNT_DAY_NUMBER,HIRAGANA,,三日,,みっか,mikka,trzy dni,
WORD_COUNT_DAY_NUMBER,HIRAGANA,,四日,,よっか,yokka,cztery dni,
WORD_COUNT_DAY_NUMBER,HIRAGANA,,五日,,いつか,itsuka,pięć dni,
WORD_COUNT_DAY_NUMBER,HIRAGANA,,六日,,むいか,muika,sześć dni,
WORD_COUNT_DAY_NUMBER,HIRAGANA,,七日,,なのか,nanoka,siedem dni,
WORD_COUNT_DAY_NUMBER,HIRAGANA,,八日,,ようか,youka,osiem dni,
WORD_COUNT_DAY_NUMBER,HIRAGANA,,九日,,ここのか,kokonoka,dziewięć dni,
WORD_COUNT_DAY_NUMBER,HIRAGANA,,十日,,とおか,tooka,dziesięć dni,
WORD_NOUN,HIRAGANA,,睫毛,,まつげ,matsuge,rzęsy,
WORD_NOUN,HIRAGANA,,眉毛,,まゆげ,mayuge,brwi,
WORD_VERB_U,HIRAGANA,,試す,,ためす,tamesu,próbować,
WORD_NOUN,KATAKANA,,-,,ズロチ,zurochi,zł,
WORD_VERB_U,HIRAGANA,,咲く,,さく,saku,kwitnąć,
WORD_VERB_U,HIRAGANA,,散る,,ちる,chiru,opadać,kwiaty
UNKNOWN,HIRAGANA,,-,,つぼみ,tsubomi,kwiaty jeszcze nie otwarte,
UNKNOWN,HIRAGANA,,夕方,,ゆうがた,yuugata,wieczorem,
WORD_VERB_U,HIRAGANA,,降りる,,おりる,oriru,wysiadać,
WORD_VERB_RU,HIRAGANA,,倒れる,,たおれる,taoreru,spadać,
WORD_NOUN,HIRAGANA,,像,,ぞう,zou,pomnik,
WORD_NOUN,HIRAGANA,,数学,,すうがく,suugaku,matematyka,
WORD_NOUN,HIRAGANA,,経験,,けいけん,keiken,doświadczenie,
UNKNOWN,HIRAGANA,,特に,,とくに,tokuni,szczególnie,
WORD_ADJECTIVE_I,HIRAGANA,,-,,めずらしい,mezurashii,rzadko,
UNKNOWN,HIRAGANA,,-,,なんでも,nandemo,wszystko,
WORD_VERB_IRREGULAR,KATAKANA,,-,,ニヤニヤする,niyaniya suru,szczerzyć się,
WORD_ADJECTIVE_NA,HIRAGANA,,不安,,ふあん,fuan,niespokojny,
UNKNOWN,HIRAGANA,,気分が悪い,,きぷんがわるい,kipun ga warui,czuć się źle,
WORD_NOUN,HIRAGANA,,体,,からだ,karada,ciało,
UNKNOWN,HIRAGANA,,体にいい,,からだにいい,karada ni ii,"zdrowe
dobre dla ciała",
UNKNOWN,HIRAGANA,,一生に一度,,一生に一度,isshou ni ichido,raz w życiu,
UNKNOWN,HIRAGANA,,-,,やっぱり,yappari,ostatecznie,
UNKNOWN,HIRAGANA,,満員電車,,まんいんでんしゃ,man'in densha,pociąg pełen ludzi,
UNKNOWN,HIRAGANA,,第一印象,,だいいちいんしょう,dai ichinshou,pierwsze wrażenie,
WORD_VERB_U,HIRAGANA,,込む,,こむ,komu,jest tłok,
WORD_VERB_RU,HIRAGANA,,込んでいる,,こんでいる,konde iru,być tłocznie,
WORD_NOUN,HIRAGANA,,空港,,くうこう,kuukou,lotnisko,
WORD_VERB_U,HIRAGANA,,着く,,つく,tsuku,przybyć,
UNKNOWN,KATAKANA,,-,,ラッシュ,rasshu,godziny szczytu,
WORD_NOUN,KATAKANA,,-,,スーツケース,suutsu keesu,bagaż,
UNKNOWN,HIRAGANA,,同じ,,おなじ,onaji,taki sam,
WORD_VERB_RU,HIRAGANA,,考える,,かんがえる,kangaeru,myśleć o czymś,
UNKNOWN,HIRAGANA,,昼,,ひる,hiru,"południe
cały dzień",
WORD_NOUN,HIRAGANA,,兄,,あに,ani,starszy brat,własna
WORD_NOUN,HIRAGANA,,大家さん,,おおやさん,ooyasan,"gospodarz
właściciel domu",
WORD_NOUN,HIRAGANA,,お返し,,おかえし,okaeshi,„oddany” prezent,
WORD_NOUN,HIRAGANA,,奥さん,,おくさん,okusan,żona,czyjajś
WORD_NOUN,HIRAGANA,,-,,おじさん,ojisan,"wujek
mężczyzna w średnim wieku",
WORD_NOUN,HIRAGANA,,-,,おばさん,obasan,"ciocia
kobieta w średnim wieku",
WORD_NOUN,KATAKANA,,-,,クラブ,kurabu,klub,
WORD_NOUN,KATAKANA,,-,,クリスマス,kurisumasu,święta bożego narodzenia,
WORD_NOUN,HIRAGANA,,ご主人,,ごしゅじん,goshujin,mąż,spoza swojej rodziny
WORD_NOUN,KATAKANA,,-,,コップ,koppu,kubek,
WORD_NOUN,HIRAGANA,,皿,,さら,sara,talerz,
UNKNOWN,HIRAGANA,,時間,,じかん,jikan,czas,
WORD_NOUN,KATAKANA,,-,,チョコレート,chokoreeto,czekolada,
WORD_NOUN,KATAKANA,,-,,メール,meeru,e-mail,
WORD_NOUN,HIRAGANA,,-,,めいぐるみ,meigurumi,wypchane zwierze,np. pluszowy miś
WORD_NOUN,KATAKANA,,-,,ネクタイ,nekutai,krawat,
WORD_NOUN,HIRAGANA,,母,,はは,haha,matka,h...
WORD_NOUN,KATAKANA,,-,,バレンタインデー,barentai dee,walentynki,
WORD_NOUN,KATAKANA,,-,,ビデオカメラ,bideo kamera,kamera,
WORD_NOUN,HIRAGANA,,夫婦,,ふうふ,fuufu,małżeństwo,
WORD_NOUN,KATAKANA,,-,,ホワイトデー,howaito dee,biały dzień,miesiąc po walentynkach
WORD_NOUN,KATAKANA,,-,,マフラー,mafuraa,szalik,zimowy
WORD_NOUN,HIRAGANA,,漫画,,まんが,manga,komiks,
WORD_NOUN,KATAKANA,,-,,マンション,manshon,blok,wielorodzinne mieszkania
WORD_NOUN,HIRAGANA,,-,,みかん,mikan,mandarynka,
WORD_NOUN,HIRAGANA,,指輪,,ゆびわ,yubiwa,pierścionek,
WORD_NOUN,KATAKANA,,-,,ラジオ,rajio,radio,
WORD_NOUN,HIRAGANA,,両親,,りょうしん,ryoushin,rodzice,
WORD_NOUN,HIRAGANA,,履歴書,,りれきしょ,rirekisho,curriculum vitae,
WORD_ADJECTIVE_I,HIRAGANA,,欲しい,,ほしい,hoshii,chcieć,rzecz ga
WORD_ADJECTIVE_NA,HIRAGANA,,-,,けち,kechi,skąpy,
WORD_VERB_U,HIRAGANA,,送る,,おくる,okuru,wysyłać,
WORD_VERB_U,HIRAGANA,,似合う,,にあう,niau,pasować,rzecz ga
WORD_VERB_U,HIRAGANA,,-,,もらう,morau,otrzymać,
WORD_VERB_RU,HIRAGANA,,-,,あきらめる,akirameru,poddać się,
WORD_VERB_RU,HIRAGANA,,-,,あげる,ageru,dać,"komuś, rzecz wo osoba ni"
WORD_VERB_RU,HIRAGANA,,-,,くれる,kureru,dać,"mnie, rzecz wo osoba ni"
WORD_VERB_RU,HIRAGANA,が,-,,できる,ga dekiru,przyjmować,kogoś
WORD_VERB_IRREGULAR,HIRAGANA,,相談する,,そうだんする,soudan suru,konsultować,osoba ni
WORD_VERB_IRREGULAR,KATAKANA,,-,,プロポーズする,puropoozu suru,oświadczyć się,
UNKNOWN,HIRAGANA,,同じ,,おなじ,onaji,taki sam,
WORD_NOUN,HIRAGANA,,去年,,きょねん,kyonen,zeszły rok,
WORD_EXPRESSION,HIRAGANA,,-,,くん,kun,pan / pani,"~, w luźnej rozmowie"
WORD_EXPRESSION,HIRAGANA,,-,,こんな,konna,"jak tak
takiego rodzaju",
WORD_EXPRESSION,HIRAGANA,,-,,たち,tachi,[tworzenie liczby mnogiej],
WORD_PRONOUN,HIRAGANA,,私たち,,わたしたち,watashitachi,my,
WORD_EXPRESSION,HIRAGANA,,-,,ちょうど,choudo,dokładnie,
WORD_EXPRESSION,HIRAGANA,,-,,よく,yoku,dobrze,
WORD_COUNTERS,HIRAGANA,,個,,こ,ko,[liczenie małych przedmiotów],~
WORD_COUNTERS,HIRAGANA,,冊,,さつ,satsu,[liczenie wolumenów],~
WORD_COUNTERS,HIRAGANA,,台,,だい,dai,[liczenie urządzeń],~
WORD_COUNTERS,HIRAGANA,,匹,,ひき,hiki,[liczenie małych zwierząt],~
WORD_COUNTERS,HIRAGANA,,本,,ほん,hon,[liczenie długich przedmiotów],~
WORD_NOUN,HIRAGANA,,悩み,,なやみ,nayami,zmartwienie,
WORD_NOUN,KATAKANA,,-,,アドバイス,adobaisu,rada,
UNKNOWN,HIRAGANA,,年上,,としうえ,toshiue,stać się starszy,
WORD_NOUN,HIRAGANA,,時代,,じだい,jidai,"wiek
era",
WORD_NOUN,HIRAGANA,,先輩,,せんぱい,senpai,starszy członek grupy,
UNKNOWN,HIRAGANA,,年間,,ねんかん,nenkan,przez ... lat,~
WORD_VERB_U,HIRAGANA,,付き合う,,つきあう,tsukiau,iść na randkę,
WORD_VERB_U,HIRAGANA,,愛す,,あいす,aisu,kochać,
WORD_EXPRESSION,HIRAGANA,,-,,どうしたらいい,doushitaraii,co powinien zrobić,
WORD_NOUN,HIRAGANA,,父親,,ちちおや,chichioya,ojciec,formalnie
UNKNOWN,HIRAGANA,,急に,,きゅうに,kyuuni,nagle,
UNKNOWN,HIRAGANA,,出張,,しゅっちょう,shucchou,wyjazd biznesowy,
UNKNOWN,HIRAGANA,,本当に,,ほんとうに,hontouni,na prawdę,
UNKNOWN,HIRAGANA,,場合,,ばあい,baai,powód,
WORD_NOUN,HIRAGANA,,絵,,え,e,"obraz
rysunek",
WORD_NOUN,HIRAGANA,,映画館,,えいがかん,eigakan,kino,
WORD_NOUN,HIRAGANA,,外国人,,がいこくじん,gaikokujin,obcokrajowiec,
WORD_NOUN,HIRAGANA,,家具,,かぐ,kagu,meble,
WORD_NOUN,HIRAGANA,,観光,,かんこう,kankou,zwiedzanie,
WORD_NOUN,HIRAGANA,,結婚式,,けっこんしき,kekkon shiki,ślub,
WORD_NOUN,HIRAGANA,,地震,,じしん,jishin,trzęsienie ziemi,
WORD_NOUN,HIRAGANA,,締め切り,,しめきり,shimekiri,ostateczny termin,
WORD_NOUN,KATAKANA,,-,,ジャケット,jaketto,kurtka,
WORD_NOUN,HIRAGANA,,習慣,,しゅうかん,shuukan,"zwyczaj
obyczaj",
WORD_NOUN,HIRAGANA,,税金,,ぜいきん,zeikin,podatek,
WORD_NOUN,HIRAGANA,,卒業式,,そつぎょうしき,sotsugyou shiki,ceremonia ukończenia szkoły,
WORD_NOUN,HIRAGANA,,-,,そば,soba,japoński makaron gryczany,
WORD_NOUN,HIRAGANA,,地図,,ちず,chizu,mapa,
WORD_NOUN,HIRAGANA,,電池,,でんち,denchi,bateria,
WORD_NOUN,HIRAGANA,,庭,,にわ,niwa,ogród,
WORD_NOUN,HIRAGANA,,発表,,はっぴょう,happou,prezentacja,
WORD_NOUN,HIRAGANA,,番組,,ばんぐみ,bangumi,program telewizyjny,
WORD_NOUN,KATAKANA,,-,,プール,puuru,basen,
WORD_NOUN,KATAKANA,,-,,ペット,petto,zwierzak,
WORD_NOUN,HIRAGANA,,予定,,よてい,yotei,"harmonogram
rozkład",
WORD_NOUN,HIRAGANA,,旅館,,りょかん,ryokan,zajazd,w stylu japońskim
WORD_NOUN,HIRAGANA,,割引券,,わりびきけん,waribikiken,bilet ulgowy,
WORD_ADJECTIVE_I,HIRAGANA,,広い,,ひろい,hiroi,"przestronny
szeroki",
WORD_VERB_U,HIRAGANA,,売る,,うる,uru,sprzedawać,
WORD_VERB_U,HIRAGANA,,下ろす,,おろす,orosu,podjąć,pieniądze
WORD_VERB_U,HIRAGANA,,-,,かく,kaku,"rysować
malować",
WORD_VERB_U,HIRAGANA,,探す,,さがす,sagasu,patrzeć na,
WORD_VERB_U,HIRAGANA,,誘う,,さそう,sasou,zapraszać,
WORD_VERB_U,HIRAGANA,と,付き合う,,つきあう,to tsukiau,chodzić z kimś,narzeczeństwo
WORD_VERB_U,HIRAGANA,に,付き合う,,つきあう,ni tsukiau,dotrzymać towarzystwa,~ w celu
WORD_VERB_U,HIRAGANA,に,着く,,つく,tsuku,przybyć,~ do miejsca
WORD_VERB_U,HIRAGANA,,保険に入る,,ほけんにはいる,hoken ni hairu,ubezpieczyć się,
WORD_VERB_RU,HIRAGANA,に,気をつける,,きをつける,ki wo tsukeru,uważać,
WORD_VERB_RU,HIRAGANA,を,調べる,,しらべる,shiraberu,sprawdzać,~ coś
WORD_VERB_RU,HIRAGANA,,捨てる,,すてる,suteru,wyrzucać,
WORD_VERB_RU,HIRAGANA,,見える,,みえる,mieru,być widoczny,
WORD_VERB_IRREGULAR,HIRAGANA,に,-,,する,suru,decydować się,"na rzecz, uwaga: to nie to suru!"
WORD_VERB_IRREGULAR,HIRAGANA,を,卒業する,,そつぎょうする,sotsugyou suru,skończyć studia,szkołę
WORD_VERB_IRREGULAR,HIRAGANA,,予約する,,よやくする,yoyaku suru,rezerwować,
WORD_EXPRESSION,HIRAGANA,,一日中,,いちにちじゅう,ichinichi juu,cały dzień,
WORD_EXPRESSION,HIRAGANA,,-,,けど,kedo,"..., ale
..., więc",~
WORD_EXPRESSION,HIRAGANA,,最近,,さいきん,saikin,ostatnio,
WORD_EXPRESSION,HIRAGANA,,-,,について,nitsuite,"o ...
odnośnie ...",czegoś
WORD_EXPRESSION,HIRAGANA,,番,,ばん,ban,numer,
WORD_EXPRESSION,HIRAGANA,,目,,め,me,th,?
WORD_EXPRESSION,HIRAGANA,,もう一度,,もういちど,mou ichi do,jeszcze raz,
WORD_VERB_U,HIRAGANA,,降りる,,おりる,oriru,wysiadać,
WORD_VERB_U,HIRAGANA,,車を降りる,,くるまをおりる,kuruma wo oriru,wysiadać z samochodu,
WORD_VERB_IRREGULAR,HIRAGANA,,準備する,,じゅんびする,junbi suru,przygotowywać,
WORD_VERB_IRREGULAR,HIRAGANA,,荷物を準備する,,にもつをじゅんびする,nimotsu wo junbi suru,pakować bagaż,dosł. przygotowywać
WORD_VERB_RU,HIRAGANA,,纏める,,まとめる,matomeru,"układać
doprowadzać do porządku",
WORD_VERB_RU,HIRAGANA,,荷物を纏める,,にもつをまとめる,nimotsu wo matomeru,pakować bagaż,dosł. doprowadzać do porządku
WORD_EXPRESSION,HIRAGANA,,中,,じゅう,juu,"cały czas
całe miejsce",czas/miejsce + ~
WORD_EXPRESSION,HIRAGANA,,中,,ちゅう,chuu,w trakcie czegoś,czas + ~
